dataset,variant,n_runs,n_speed_hr,speed_hr_detect,speed_hr_lag_median,speed_hr_lag_iqr_across_runs,speed_hr_excess_median,xrun_fpr,n_xrun,all_pairs_detect,pinned_rate,calibration_failed,window_median,window_min,window_max,max_lag_median,max_lag_min,max_lag_max,tolerance_median,tolerance_min,tolerance_max
real,frozen,30,30,0.13333333333333333,13.75,1.875,-4.5128205128204755,0.0,30,0.21,0.015873015873015872,0,120.0,120,120,40.0,40,40,2.0,2,2
real,pytds_default,30,30,0.0,nan,nan,-5.448480355819125,0.03333333333333333,30,0.13,0.0,0,60.0,60,60,30.0,30,30,1.0,1,1
real,v1_fixedtol,30,30,0.0,nan,nan,0.0,0.0,30,0.1314878892733564,0.0,0,192.0,160,231,91.0,44,112,2.0,2,2
real,v2_fixedtol,30,30,0.06666666666666667,15.5,1.5,0.0,0.0,30,0.13523131672597866,0.0,0,240.0,240,240,119.0,44,119,2.0,2,2
real,v2_calibrated,30,30,0.26666666666666666,15.25,7.0,0.0,0.03333333333333333,30,0.25622775800711745,0.0,0,240.0,240,240,119.0,44,119,14.0,2,28
real,v2_calibrated_pooled,30,30,0.26666666666666666,15.0,8.25,0.0,0.06666666666666667,30,0.22419928825622776,0.0,0,240.0,240,240,119.0,119,119,14.0,14,14
real,fixed_240_tol2,30,30,0.06666666666666667,15.5,1.5,0.0,0.0,30,0.14590747330960854,0.0,0,240.0,240,240,80.0,80,80,2.0,2,2
real,fixed_240_tol14,30,30,0.13333333333333333,13.75,2.375,-14.814285714285706,0.06666666666666667,30,0.21708185053380782,0.0,0,240.0,240,240,80.0,80,80,14.0,14,14
real,fixed_120_tol14,30,30,0.1,8.5,3.0,-10.93537414965986,0.06666666666666667,30,0.17333333333333334,0.0,0,120.0,120,120,40.0,40,40,14.0,14,14
real,locked_240_119_tol14,30,30,0.26666666666666666,15.0,8.25,0.0,0.06666666666666667,30,0.22419928825622776,0.0,0,240.0,240,240,119.0,119,119,14.0,14,14
synthetic,frozen,12,12,0.5833333333333334,14.0,2.5,12.6923076923077,0.0,12,0.48333333333333334,0.0,0,120.0,120,120,40.0,40,40,2.0,2,2
synthetic,pytds_default,12,12,0.25,10.0,1.25,-0.6645569620253147,0.0,12,0.35833333333333334,0.0,0,60.0,60,60,30.0,30,30,1.0,1,1
synthetic,v1_fixedtol,12,12,0.3333333333333333,18.5,1.25,0.0,0.0,12,0.475,0.0,0,222.0,191,240,110.0,65,119,2.0,2,2
synthetic,v2_fixedtol,12,12,0.4166666666666667,18.0,0.0,0.0,0.0,12,0.4583333333333333,0.0,0,240.0,240,240,119.0,65,119,2.0,2,2
synthetic,v2_calibrated,12,12,0.75,17.0,2.5,45.64327485380118,0.08333333333333333,12,0.6333333333333333,0.0,0,240.0,240,240,119.0,65,119,8.5,5,15
synthetic,v2_calibrated_pooled,12,12,0.75,17.0,3.0,43.27485380116959,0.0,12,0.65,0.0,0,240.0,240,240,119.0,119,119,8.0,8,8
synthetic,fixed_240_tol2,12,12,0.4166666666666667,18.0,0.0,0.0,0.08333333333333333,12,0.5,0.05,0,240.0,240,240,80.0,80,80,2.0,2,2
synthetic,fixed_240_tol14,12,12,0.75,17.5,2.5,34.21052631578947,0.08333333333333333,12,0.6083333333333333,0.0,0,240.0,240,240,80.0,80,80,14.0,14,14
synthetic,fixed_120_tol14,12,12,0.75,12.0,2.0,12.756410256410255,0.08333333333333333,12,0.5333333333333333,0.0,0,120.0,120,120,40.0,40,40,14.0,14,14
synthetic,locked_240_119_tol14,12,12,0.75,17.0,3.0,36.84210526315789,0.08333333333333333,12,0.6166666666666667,0.0,0,240.0,240,240,119.0,119,119,14.0,14,14
