dataset,effect,variant,estimate,ci_lo,ci_hi,diff_vs_published,diff_ci_lo,diff_ci_hi,n
fantasia,young>old d,default_samples,1.3370648859663354,0.7097209709308082,2.255212903942994,0.08678499299303333,-0.5305128644138589,0.7816068326772515,
fantasia,young>old d,published,1.250279892973302,0.6397934959261252,2.074564598372063,0.0,0.0,0.0,
fantasia,young>old d,tol_only,1.2790049379169501,0.6998329494681832,2.125590823870108,0.028725044943648026,-0.3333695611384477,0.43305109414177684,
fantasia,young>old d,v2_cal_lag3,0.8620512177876533,0.25903213709013384,1.6682159910036853,-0.38822867518564885,-0.94706573325472,0.1903213731344238,
fantasia,young>old d,v2_calibrated,1.5432292543868587,0.9648127634511321,2.4396790446783205,0.29294936141355654,-0.3704965057948768,1.0698421890560343,
fantasia,young>old d,win_only,0.7295066198609532,0.12836007569659155,1.57931989010971,-0.5207732731123489,-1.360311412865604,0.35789370789412134,
sleep_edf,LS>DS dz,default_samples,2.6675864310351067,2.0244325873314666,4.296651792078064,0.0,0.0,0.0,18.0
sleep_edf,LS>DS dz,published,2.6675864310351067,2.0324136287806196,4.312003551615931,0.0,0.0,0.0,18.0
sleep_edf,LS>DS dz,tol_only,2.7823778556929684,2.0549385447398554,4.703673006359038,0.11479142465786163,-0.008204707948034073,0.45865836041353253,18.0
sleep_edf,LS>DS dz,v2_cal_lag3,4.044103586775155,3.2648663426687365,5.989495389229555,1.3765171557400486,0.41423257695883536,2.733393880846336,18.0
sleep_edf,LS>DS dz,v2_calibrated,3.972137733461292,3.1625336118924605,5.992058519699783,1.3045513024261854,0.5170705396120147,2.5037198623840817,18.0
sleep_edf,LS>DS dz,win_only,3.636348188982958,2.7074075832737616,5.827140839966623,0.9687617579478514,0.34546889992623026,2.171128029144873,18.0
sleep_edf,W>DS dz,default_samples,1.4018540212554433,0.842499490258284,2.7926006432348984,0.0,0.0,0.0,18.0
sleep_edf,W>DS dz,published,1.4018540212554433,0.8463970720286518,2.834367904559891,0.0,0.0,0.0,18.0
sleep_edf,W>DS dz,tol_only,1.4670282366873446,0.8907363433268393,2.984821766052153,0.06517421543190127,-0.028173347267420178,0.21462225270328986,18.0
sleep_edf,W>DS dz,v2_cal_lag3,1.1938538783782602,0.6880305593814728,2.2581199835229073,-0.20800014287718316,-0.9587924932592718,0.1788769325256507,18.0
sleep_edf,W>DS dz,v2_calibrated,1.1757728337814124,0.7012456633339267,2.1782516411444317,-0.22608118747403094,-1.066979206884394,0.15044118688771893,18.0
sleep_edf,W>DS dz,win_only,1.1393225291314135,0.6406606953522762,2.2016670449877425,-0.2625314921240298,-1.0194627294407237,0.04445827008957624,18.0
sleep_edf,REM>DS dz,default_samples,0.40678390339217413,-0.05859003424171646,0.957164020365689,0.0,0.0,0.0,18.0
sleep_edf,REM>DS dz,published,0.40678390339217413,-0.027220639420165754,0.9239526248740004,0.0,0.0,0.0,18.0
sleep_edf,REM>DS dz,tol_only,0.49186943450145093,0.053907090174399555,1.0876687025543212,0.0850855311092768,0.003187394174216909,0.20569024108329503,18.0
sleep_edf,REM>DS dz,v2_cal_lag3,1.1511247375012847,0.7292318538941166,2.0419151174027603,0.7443408341091107,0.3629097110364154,1.4948977038846203,18.0
sleep_edf,REM>DS dz,v2_calibrated,1.129960683276471,0.6463563509961582,2.133569209900425,0.723176779884297,0.311671409950547,1.49426569344085,18.0
sleep_edf,REM>DS dz,win_only,1.003466343584037,0.6019210090596752,1.703180182868884,0.5966824401918629,0.3385105683103891,1.0493146732430318,18.0
