subject,variant,window,step,max_lag,tolerance,window_s,max_lag_s,tolerance_s,calibration_failed,window_clipped
f1o01,default_samples,60,30,30,1,15.0,7.5,0.25,False,False
f1o01,published,240,120,120,4,60.0,30.0,1.0,False,False
f1o01,win_only,1200,600,599,4,300.0,149.75,1.0,False,True
f1o01,tol_only,240,120,120,10,60.0,30.0,2.5,False,False
f1o01,v2_calibrated,1200,600,599,67,300.0,149.75,16.75,False,True
f1o01,v2_cal_lag3,1200,600,400,50,300.0,100.0,12.5,False,False
f1o02,default_samples,60,30,30,1,15.0,7.5,0.25,False,False
f1o02,published,240,120,120,4,60.0,30.0,1.0,False,False
f1o02,win_only,1200,600,599,4,300.0,149.75,1.0,False,True
f1o02,tol_only,240,120,120,11,60.0,30.0,2.75,False,False
f1o02,v2_calibrated,1200,600,599,60,300.0,149.75,15.0,False,True
f1o02,v2_cal_lag3,1200,600,400,29,300.0,100.0,7.25,False,False
f1o03,default_samples,60,30,30,1,15.0,7.5,0.25,False,False
f1o03,published,240,120,120,4,60.0,30.0,1.0,False,False
f1o03,win_only,1200,600,6,4,300.0,1.5,1.0,False,True
f1o03,tol_only,240,120,120,13,60.0,30.0,3.25,False,False
f1o03,v2_calibrated,1200,600,6,0,300.0,1.5,0.0,False,True
f1o03,v2_cal_lag3,1200,600,400,47,300.0,100.0,11.75,False,False
f1o04,default_samples,60,30,30,1,15.0,7.5,0.25,False,False
f1o04,published,240,120,120,4,60.0,30.0,1.0,False,False
f1o04,win_only,1200,600,599,4,300.0,149.75,1.0,False,True
f1o04,tol_only,240,120,120,10,60.0,30.0,2.5,False,False
f1o04,v2_calibrated,1200,600,599,60,300.0,149.75,15.0,False,True
f1o04,v2_cal_lag3,1200,600,400,46,300.0,100.0,11.5,False,False
f1o05,default_samples,60,30,30,1,15.0,7.5,0.25,False,False
f1o05,published,240,120,120,4,60.0,30.0,1.0,False,False
f1o05,win_only,1200,600,599,4,300.0,149.75,1.0,False,True
f1o05,tol_only,240,120,120,13,60.0,30.0,3.25,False,False
f1o05,v2_calibrated,1200,600,599,74,300.0,149.75,18.5,False,True
f1o05,v2_cal_lag3,1200,600,400,48,300.0,100.0,12.0,False,False
f1o06,default_samples,60,30,30,1,15.0,7.5,0.25,False,False
f1o06,published,240,120,120,4,60.0,30.0,1.0,False,False
f1o06,win_only,1200,600,7,4,300.0,1.75,1.0,False,True
f1o06,tol_only,240,120,120,14,60.0,30.0,3.5,False,False
f1o06,v2_calibrated,1200,600,7,0,300.0,1.75,0.0,False,True
f1o06,v2_cal_lag3,1200,600,400,48,300.0,100.0,12.0,False,False
f1o07,default_samples,60,30,30,1,15.0,7.5,0.25,False,False
f1o07,published,240,120,120,4,60.0,30.0,1.0,False,False
f1o07,win_only,1200,600,599,4,300.0,149.75,1.0,False,True
f1o07,tol_only,240,120,120,12,60.0,30.0,3.0,False,False
f1o07,v2_calibrated,1200,600,599,42,300.0,149.75,10.5,False,True
f1o07,v2_cal_lag3,1200,600,400,30,300.0,100.0,7.5,False,False
f1o08,default_samples,60,30,30,1,15.0,7.5,0.25,False,False
f1o08,published,240,120,120,4,60.0,30.0,1.0,False,False
f1o08,win_only,1200,600,599,4,300.0,149.75,1.0,False,True
f1o08,tol_only,240,120,120,12,60.0,30.0,3.0,False,False
f1o08,v2_calibrated,1200,600,599,78,300.0,149.75,19.5,False,True
f1o08,v2_cal_lag3,1200,600,400,28,300.0,100.0,7.0,False,False
f1o09,default_samples,60,30,30,1,15.0,7.5,0.25,False,False
f1o09,published,240,120,120,4,60.0,30.0,1.0,False,False
f1o09,win_only,1200,600,599,4,300.0,149.75,1.0,False,True
f1o09,tol_only,240,120,120,13,60.0,30.0,3.25,False,False
f1o09,v2_calibrated,1200,600,599,71,300.0,149.75,17.75,False,True
f1o09,v2_cal_lag3,1200,600,400,28,300.0,100.0,7.0,False,False
f1o10,default_samples,60,30,30,1,15.0,7.5,0.25,False,False
f1o10,published,240,120,120,4,60.0,30.0,1.0,False,False
f1o10,win_only,1200,600,599,4,300.0,149.75,1.0,False,True
f1o10,tol_only,240,120,120,10,60.0,30.0,2.5,False,False
f1o10,v2_calibrated,1200,600,599,82,300.0,149.75,20.5,False,True
f1o10,v2_cal_lag3,1200,600,400,54,300.0,100.0,13.5,False,False
f1y01,default_samples,60,30,30,1,15.0,7.5,0.25,False,False
f1y01,published,240,120,120,4,60.0,30.0,1.0,False,False
f1y01,win_only,1200,600,6,4,300.0,1.5,1.0,False,True
f1y01,tol_only,240,120,120,11,60.0,30.0,2.75,False,False
f1y01,v2_calibrated,1200,600,6,0,300.0,1.5,0.0,True,True
f1y01,v2_cal_lag3,1200,600,400,19,300.0,100.0,4.75,False,False
f1y02,default_samples,60,30,30,1,15.0,7.5,0.25,False,False
f1y02,published,240,120,120,4,60.0,30.0,1.0,False,False
f1y02,win_only,1200,600,599,4,300.0,149.75,1.0,False,True
f1y02,tol_only,240,120,120,13,60.0,30.0,3.25,False,False
f1y02,v2_calibrated,1200,600,599,64,300.0,149.75,16.0,False,True
f1y02,v2_cal_lag3,1200,600,400,47,300.0,100.0,11.75,False,False
f1y03,default_samples,60,30,30,1,15.0,7.5,0.25,False,False
f1y03,published,240,120,120,4,60.0,30.0,1.0,False,False
f1y03,win_only,1200,600,599,4,300.0,149.75,1.0,False,True
f1y03,tol_only,240,120,120,10,60.0,30.0,2.5,False,False
f1y03,v2_calibrated,1200,600,599,68,300.0,149.75,17.0,False,True
f1y03,v2_cal_lag3,1200,600,400,53,300.0,100.0,13.25,False,False
f1y04,default_samples,60,30,30,1,15.0,7.5,0.25,False,False
f1y04,published,240,120,120,4,60.0,30.0,1.0,False,False
f1y04,win_only,1200,600,6,4,300.0,1.5,1.0,False,True
f1y04,tol_only,240,120,120,15,60.0,30.0,3.75,False,False
f1y04,v2_calibrated,1200,600,6,0,300.0,1.5,0.0,False,True
f1y04,v2_cal_lag3,1200,600,400,35,300.0,100.0,8.75,False,False
f1y05,default_samples,60,30,30,1,15.0,7.5,0.25,False,False
f1y05,published,240,120,120,4,60.0,30.0,1.0,False,False
f1y05,win_only,1200,600,599,4,300.0,149.75,1.0,False,True
f1y05,tol_only,240,120,120,11,60.0,30.0,2.75,False,False
f1y05,v2_calibrated,1200,600,599,53,300.0,149.75,13.25,False,True
f1y05,v2_cal_lag3,1200,600,400,24,300.0,100.0,6.0,False,False
f1y06,default_samples,60,30,30,1,15.0,7.5,0.25,False,False
f1y06,published,240,120,120,4,60.0,30.0,1.0,False,False
f1y06,win_only,1011,505,505,4,252.75,126.25,1.0,False,False
f1y06,tol_only,240,120,120,12,60.0,30.0,3.0,False,False
f1y06,v2_calibrated,1011,505,505,36,252.75,126.25,9.0,False,False
f1y06,v2_cal_lag3,1011,505,337,27,252.75,84.25,6.75,False,False
f1y07,default_samples,60,30,30,1,15.0,7.5,0.25,False,False
f1y07,published,240,120,120,4,60.0,30.0,1.0,False,False
f1y07,win_only,1200,600,599,4,300.0,149.75,1.0,False,True
f1y07,tol_only,240,120,120,12,60.0,30.0,3.0,False,False
f1y07,v2_calibrated,1200,600,599,64,300.0,149.75,16.0,False,True
f1y07,v2_cal_lag3,1200,600,400,35,300.0,100.0,8.75,False,False
f1y08,default_samples,60,30,30,1,15.0,7.5,0.25,False,False
f1y08,published,240,120,120,4,60.0,30.0,1.0,False,False
f1y08,win_only,1200,600,599,4,300.0,149.75,1.0,False,True
f1y08,tol_only,240,120,120,11,60.0,30.0,2.75,False,False
f1y08,v2_calibrated,1200,600,599,57,300.0,149.75,14.25,False,True
f1y08,v2_cal_lag3,1200,600,400,29,300.0,100.0,7.25,False,False
f1y09,default_samples,60,30,30,1,15.0,7.5,0.25,False,False
f1y09,published,240,120,120,4,60.0,30.0,1.0,False,False
f1y09,win_only,1200,600,599,4,300.0,149.75,1.0,False,True
f1y09,tol_only,240,120,120,11,60.0,30.0,2.75,False,False
f1y09,v2_calibrated,1200,600,599,62,300.0,149.75,15.5,False,True
f1y09,v2_cal_lag3,1200,600,400,42,300.0,100.0,10.5,False,False
f1y10,default_samples,60,30,30,1,15.0,7.5,0.25,False,False
f1y10,published,240,120,120,4,60.0,30.0,1.0,False,False
f1y10,win_only,1200,600,599,4,300.0,149.75,1.0,False,True
f1y10,tol_only,240,120,120,11,60.0,30.0,2.75,False,False
f1y10,v2_calibrated,1200,600,599,71,300.0,149.75,17.75,False,True
f1y10,v2_cal_lag3,1200,600,400,45,300.0,100.0,11.25,False,False
f2o01,default_samples,60,30,30,1,15.0,7.5,0.25,False,False
f2o01,published,240,120,120,4,60.0,30.0,1.0,False,False
f2o01,win_only,1200,600,599,4,300.0,149.75,1.0,False,True
f2o01,tol_only,240,120,120,10,60.0,30.0,2.5,False,False
f2o01,v2_calibrated,1200,600,599,73,300.0,149.75,18.25,False,True
f2o01,v2_cal_lag3,1200,600,400,34,300.0,100.0,8.5,False,False
f2o02,default_samples,60,30,30,1,15.0,7.5,0.25,False,False
f2o02,published,240,120,120,4,60.0,30.0,1.0,False,False
f2o02,win_only,1200,600,599,4,300.0,149.75,1.0,False,True
f2o02,tol_only,240,120,120,15,60.0,30.0,3.75,False,False
f2o02,v2_calibrated,1200,600,599,58,300.0,149.75,14.5,False,True
f2o02,v2_cal_lag3,1200,600,400,35,300.0,100.0,8.75,False,False
f2o03,default_samples,60,30,30,1,15.0,7.5,0.25,False,False
f2o03,published,240,120,120,4,60.0,30.0,1.0,False,False
f2o03,win_only,1200,600,12,4,300.0,3.0,1.0,False,True
f2o03,tol_only,240,120,120,12,60.0,30.0,3.0,False,False
f2o03,v2_calibrated,1200,600,12,0,300.0,3.0,0.0,False,True
f2o03,v2_cal_lag3,1200,600,400,45,300.0,100.0,11.25,False,False
f2o04,default_samples,60,30,30,1,15.0,7.5,0.25,False,False
f2o04,published,240,120,120,4,60.0,30.0,1.0,False,False
f2o04,win_only,1200,600,599,4,300.0,149.75,1.0,False,True
f2o04,tol_only,240,120,120,12,60.0,30.0,3.0,False,False
f2o04,v2_calibrated,1200,600,599,87,300.0,149.75,21.75,False,True
f2o04,v2_cal_lag3,1200,600,400,43,300.0,100.0,10.75,False,False
f2o05,default_samples,60,30,30,1,15.0,7.5,0.25,False,False
f2o05,published,240,120,120,4,60.0,30.0,1.0,False,False
f2o05,win_only,1200,600,599,4,300.0,149.75,1.0,False,True
f2o05,tol_only,240,120,120,12,60.0,30.0,3.0,False,False
f2o05,v2_calibrated,1200,600,599,88,300.0,149.75,22.0,False,True
f2o05,v2_cal_lag3,1200,600,400,44,300.0,100.0,11.0,False,False
f2o06,default_samples,60,30,30,1,15.0,7.5,0.25,False,False
f2o06,published,240,120,120,4,60.0,30.0,1.0,False,False
f2o06,win_only,1166,583,9,4,291.5,2.25,1.0,False,False
f2o06,tol_only,240,120,120,12,60.0,30.0,3.0,False,False
f2o06,v2_calibrated,1166,583,9,0,291.5,2.25,0.0,True,False
f2o06,v2_cal_lag3,1166,583,388,25,291.5,97.0,6.25,False,False
f2o07,default_samples,60,30,30,1,15.0,7.5,0.25,False,False
f2o07,published,240,120,120,4,60.0,30.0,1.0,False,False
f2o07,win_only,1200,600,599,4,300.0,149.75,1.0,False,True
f2o07,tol_only,240,120,120,11,60.0,30.0,2.75,False,False
f2o07,v2_calibrated,1200,600,599,97,300.0,149.75,24.25,False,True
f2o07,v2_cal_lag3,1200,600,400,56,300.0,100.0,14.0,False,False
f2o08,default_samples,60,30,30,1,15.0,7.5,0.25,False,False
f2o08,published,240,120,120,4,60.0,30.0,1.0,False,False
f2o08,win_only,1200,600,7,4,300.0,1.75,1.0,False,True
f2o08,tol_only,240,120,120,12,60.0,30.0,3.0,False,False
f2o08,v2_calibrated,1200,600,7,0,300.0,1.75,0.0,True,True
f2o08,v2_cal_lag3,1200,600,400,46,300.0,100.0,11.5,False,False
f2o09,default_samples,60,30,30,1,15.0,7.5,0.25,False,False
f2o09,published,240,120,120,4,60.0,30.0,1.0,False,False
f2o09,win_only,1200,600,599,4,300.0,149.75,1.0,False,True
f2o09,tol_only,240,120,120,12,60.0,30.0,3.0,False,False
f2o09,v2_calibrated,1200,600,599,68,300.0,149.75,17.0,False,True
f2o09,v2_cal_lag3,1200,600,400,55,300.0,100.0,13.75,False,False
f2o10,default_samples,60,30,30,1,15.0,7.5,0.25,False,False
f2o10,published,240,120,120,4,60.0,30.0,1.0,False,False
f2o10,win_only,1200,600,599,4,300.0,149.75,1.0,False,True
f2o10,tol_only,240,120,120,11,60.0,30.0,2.75,False,False
f2o10,v2_calibrated,1200,600,599,68,300.0,149.75,17.0,False,True
f2o10,v2_cal_lag3,1200,600,400,34,300.0,100.0,8.5,False,False
f2y01,default_samples,60,30,30,1,15.0,7.5,0.25,False,False
f2y01,published,240,120,120,4,60.0,30.0,1.0,False,False
f2y01,win_only,779,389,389,4,194.75,97.25,1.0,False,False
f2y01,tol_only,240,120,120,11,60.0,30.0,2.75,False,False
f2y01,v2_calibrated,779,389,389,52,194.75,97.25,13.0,False,False
f2y01,v2_cal_lag3,779,389,259,30,194.75,64.75,7.5,False,False
f2y02,default_samples,60,30,30,1,15.0,7.5,0.25,False,False
f2y02,published,240,120,120,4,60.0,30.0,1.0,False,False
f2y02,win_only,1200,600,8,4,300.0,2.0,1.0,False,True
f2y02,tol_only,240,120,120,15,60.0,30.0,3.75,False,False
f2y02,v2_calibrated,1200,600,8,0,300.0,2.0,0.0,False,True
f2y02,v2_cal_lag3,1200,600,400,29,300.0,100.0,7.25,False,False
f2y03,default_samples,60,30,30,1,15.0,7.5,0.25,False,False
f2y03,published,240,120,120,4,60.0,30.0,1.0,False,False
f2y03,win_only,1200,600,599,4,300.0,149.75,1.0,False,True
f2y03,tol_only,240,120,120,13,60.0,30.0,3.25,False,False
f2y03,v2_calibrated,1200,600,599,48,300.0,149.75,12.0,False,True
f2y03,v2_cal_lag3,1200,600,400,29,300.0,100.0,7.25,False,False
f2y04,default_samples,60,30,30,1,15.0,7.5,0.25,False,False
f2y04,published,240,120,120,4,60.0,30.0,1.0,False,False
f2y04,win_only,1200,600,599,4,300.0,149.75,1.0,False,True
f2y04,tol_only,240,120,120,10,60.0,30.0,2.5,False,False
f2y04,v2_calibrated,1200,600,599,46,300.0,149.75,11.5,False,True
f2y04,v2_cal_lag3,1200,600,400,34,300.0,100.0,8.5,False,False
f2y05,default_samples,60,30,30,1,15.0,7.5,0.25,False,False
f2y05,published,240,120,120,4,60.0,30.0,1.0,False,False
f2y05,win_only,1200,600,599,4,300.0,149.75,1.0,False,True
f2y05,tol_only,240,120,120,12,60.0,30.0,3.0,False,False
f2y05,v2_calibrated,1200,600,599,58,300.0,149.75,14.5,False,True
f2y05,v2_cal_lag3,1200,600,400,45,300.0,100.0,11.25,False,False
f2y06,default_samples,60,30,30,1,15.0,7.5,0.25,False,False
f2y06,published,240,120,120,4,60.0,30.0,1.0,False,False
f2y06,win_only,1200,600,599,4,300.0,149.75,1.0,False,True
f2y06,tol_only,240,120,120,12,60.0,30.0,3.0,False,False
f2y06,v2_calibrated,1200,600,599,78,300.0,149.75,19.5,False,True
f2y06,v2_cal_lag3,1200,600,400,35,300.0,100.0,8.75,False,False
f2y07,default_samples,60,30,30,1,15.0,7.5,0.25,False,False
f2y07,published,240,120,120,4,60.0,30.0,1.0,False,False
f2y07,win_only,1200,600,8,4,300.0,2.0,1.0,False,True
f2y07,tol_only,240,120,120,14,60.0,30.0,3.5,False,False
f2y07,v2_calibrated,1200,600,8,0,300.0,2.0,0.0,False,True
f2y07,v2_cal_lag3,1200,600,400,43,300.0,100.0,10.75,False,False
f2y08,default_samples,60,30,30,1,15.0,7.5,0.25,False,False
f2y08,published,240,120,120,4,60.0,30.0,1.0,False,False
f2y08,win_only,1200,600,599,4,300.0,149.75,1.0,False,True
f2y08,tol_only,240,120,120,13,60.0,30.0,3.25,False,False
f2y08,v2_calibrated,1200,600,599,47,300.0,149.75,11.75,False,True
f2y08,v2_cal_lag3,1200,600,400,35,300.0,100.0,8.75,False,False
f2y09,default_samples,60,30,30,1,15.0,7.5,0.25,False,False
f2y09,published,240,120,120,4,60.0,30.0,1.0,False,False
f2y09,win_only,1200,600,599,4,300.0,149.75,1.0,False,True
f2y09,tol_only,240,120,120,11,60.0,30.0,2.75,False,False
f2y09,v2_calibrated,1200,600,599,61,300.0,149.75,15.25,False,True
f2y09,v2_cal_lag3,1200,600,400,31,300.0,100.0,7.75,False,False
f2y10,default_samples,60,30,30,1,15.0,7.5,0.25,False,False
f2y10,published,240,120,120,4,60.0,30.0,1.0,False,False
f2y10,win_only,1200,600,599,4,300.0,149.75,1.0,False,True
f2y10,tol_only,240,120,120,14,60.0,30.0,3.5,False,False
f2y10,v2_calibrated,1200,600,599,54,300.0,149.75,13.5,False,True
f2y10,v2_cal_lag3,1200,600,400,44,300.0,100.0,11.0,False,False
