subject,variant,test,pair,score,chance95,excess,p,lag_s,n_windows
f1o01,default_samples,within,f1o01,23.094425483503983,1.4789533560864618,21.615472127417522,0.009900990099009901,0.25,879
f1o01,default_samples,cross,f1o01>f1o02,0.0,1.4789533560864618,-1.4789533560864618,1.0,,879
f1o01,published,within,f1o01,42.922374429223744,1.82648401826484,41.0958904109589,0.009900990099009901,0.5,219
f1o01,published,cross,f1o01>f1o02,0.0,1.82648401826484,-1.82648401826484,1.0,,219
f1o01,win_only,within,f1o01,34.883720930232556,0.0,34.883720930232556,0.009900990099009901,0.5,43
f1o01,win_only,cross,f1o01>f1o02,0.0,0.0,0.0,1.0,,43
f1o01,tol_only,within,f1o01,54.794520547945204,7.397260273972597,47.397260273972606,0.009900990099009901,0.5,219
f1o01,tol_only,cross,f1o01>f1o02,1.82648401826484,5.50228310502283,-3.6757990867579897,0.693069306930693,11.5,219
f1o01,v2_calibrated,within,f1o01,74.4186046511628,13.953488372093023,60.465116279069775,0.009900990099009901,0.5,43
f1o01,v2_calibrated,cross,f1o01>f1o02,0.0,16.395348837209298,-16.395348837209298,1.0,,43
f1o01,v2_cal_lag3,within,f1o01,76.74418604651163,25.581395348837212,51.16279069767442,0.009900990099009901,0.5,43
f1o01,v2_cal_lag3,cross,f1o01>f1o02,0.0,20.930232558139537,-20.930232558139537,1.0,,43
f1o02,default_samples,within,f1o02,16.496018202502842,2.053469852104664,14.442548350398178,0.009900990099009901,0.25,879
f1o02,default_samples,cross,f1o02>f1o03,0.9101251422070534,1.9340159271899888,-1.0238907849829353,0.5445544554455446,-0.0,879
f1o02,published,within,f1o02,21.91780821917808,2.28310502283105,19.634703196347033,0.009900990099009901,0.25,219
f1o02,published,cross,f1o02>f1o03,0.0,3.2191780821917795,-3.2191780821917795,1.0,,219
f1o02,win_only,within,f1o02,9.30232558139535,0.0,9.30232558139535,0.009900990099009901,0.25,43
f1o02,win_only,cross,f1o02>f1o03,0.0,0.0,0.0,1.0,,43
f1o02,tol_only,within,f1o02,32.87671232876712,8.6986301369863,24.17808219178082,0.009900990099009901,0.25,219
f1o02,tol_only,cross,f1o02>f1o03,7.30593607305936,7.78538812785388,-0.47945205479451936,0.15841584158415842,-16.75,219
f1o02,v2_calibrated,within,f1o02,53.48837209302325,14.186046511627893,39.30232558139536,0.009900990099009901,0.5,43
f1o02,v2_calibrated,cross,f1o02>f1o03,0.0,18.6046511627907,-18.6046511627907,1.0,,43
f1o02,v2_cal_lag3,within,f1o02,60.46511627906976,9.418604651162784,51.04651162790698,0.009900990099009901,0.375,43
f1o02,v2_cal_lag3,cross,f1o02>f1o03,0.0,11.627906976744185,-11.627906976744185,1.0,,43
f1o03,default_samples,within,f1o03,15.244596131968146,2.2753128555176336,12.969283276450513,0.009900990099009901,0.75,879
f1o03,default_samples,cross,f1o03>f1o04,1.3651877133105803,2.0591581342434577,-0.6939704209328774,0.21782178217821782,0.25,879
f1o03,published,within,f1o03,49.77168949771689,1.82648401826484,47.94520547945205,0.009900990099009901,0.75,219
f1o03,published,cross,f1o03>f1o04,0.0,2.28310502283105,-2.28310502283105,1.0,,219
f1o03,win_only,within,f1o03,95.34883720930233,93.13953488372091,2.209302325581419,0.0594059405940594,0.75,43
f1o03,win_only,cross,f1o03>f1o04,88.37209302325581,90.69767441860465,-2.3255813953488342,0.1485148514851485,-0.0,43
f1o03,tol_only,within,f1o03,67.57990867579909,10.525114155251138,57.05479452054795,0.009900990099009901,0.75,219
f1o03,tol_only,cross,f1o03>f1o04,1.82648401826484,11.00456621004566,-9.17808219178082,0.9504950495049505,22.875,219
f1o03,v2_calibrated,within,f1o03,65.11627906976744,18.6046511627907,46.51162790697674,0.009900990099009901,0.75,43
f1o03,v2_calibrated,cross,f1o03>f1o04,9.30232558139535,28.139534883720916,-18.83720930232557,0.5643564356435643,1.5,43
f1o03,v2_cal_lag3,within,f1o03,97.67441860465115,18.6046511627907,79.06976744186045,0.009900990099009901,0.75,43
f1o03,v2_cal_lag3,cross,f1o03>f1o04,0.0,20.930232558139537,-20.930232558139537,1.0,,43
f1o04,default_samples,within,f1o04,8.532423208191126,3.6405005688282137,4.891922639362912,0.009900990099009901,-0.0,879
f1o04,default_samples,cross,f1o04>f1o05,2.0506634499396865,3.2569360675512664,-1.20627261761158,0.3564356435643564,-0.0,829
f1o04,published,within,f1o04,15.981735159817351,2.28310502283105,13.698630136986301,0.009900990099009901,3.25,219
f1o04,published,cross,f1o04>f1o05,0.0,1.9417475728155338,-1.9417475728155338,1.0,,206
f1o04,win_only,within,f1o04,51.162790697674424,0.0,51.162790697674424,0.009900990099009901,3.5,43
f1o04,win_only,cross,f1o04>f1o05,0.0,0.0,0.0,1.0,,40
f1o04,tol_only,within,f1o04,29.22374429223744,8.242009132420089,20.981735159817354,0.009900990099009901,3.25,219
f1o04,tol_only,cross,f1o04>f1o05,0.0,6.844660194174754,-6.844660194174754,1.0,,206
f1o04,v2_calibrated,within,f1o04,76.74418604651163,20.930232558139537,55.81395348837209,0.009900990099009901,3.5,43
f1o04,v2_calibrated,cross,f1o04>f1o05,0.0,10.0,-10.0,1.0,,40
f1o04,v2_cal_lag3,within,f1o04,76.74418604651163,20.930232558139537,55.81395348837209,0.009900990099009901,3.5,43
f1o04,v2_cal_lag3,cross,f1o04>f1o05,10.0,12.5,-2.5,0.3564356435643564,-31.75,40
f1o05,default_samples,within,f1o05,1.2062726176115801,1.5681544028950543,-0.36188178528347414,0.1485148514851485,-1.625,829
f1o05,default_samples,cross,f1o05>f1o06,0.48250904704463204,1.5681544028950543,-1.0856453558504222,0.7920792079207921,5.125,829
f1o05,published,within,f1o05,9.70873786407767,1.9417475728155338,7.766990291262135,0.009900990099009901,0.875,206
f1o05,published,cross,f1o05>f1o06,0.0,2.4999999999999956,-2.4999999999999956,1.0,,206
f1o05,win_only,within,f1o05,0.0,0.0,0.0,1.0,,40
f1o05,win_only,cross,f1o05>f1o06,0.0,0.0,0.0,1.0,,40
f1o05,tol_only,within,f1o05,17.96116504854369,11.650485436893204,6.310679611650487,0.009900990099009901,0.5,206
f1o05,tol_only,cross,f1o05>f1o06,8.25242718446602,10.679611650485436,-2.4271844660194155,0.19801980198019803,4.0,206
f1o05,v2_calibrated,within,f1o05,65.0,20.0,45.0,0.009900990099009901,1.125,40
f1o05,v2_calibrated,cross,f1o05>f1o06,10.0,20.124999999999993,-10.124999999999993,0.38613861386138615,-97.0,40
f1o05,v2_cal_lag3,within,f1o05,67.5,15.249999999999986,52.250000000000014,0.009900990099009901,1.0,40
f1o05,v2_cal_lag3,cross,f1o05>f1o06,0.0,20.0,-20.0,1.0,,40
f1o06,default_samples,within,f1o06,46.53014789533561,3.1854379977246867,43.344709897610926,0.009900990099009901,-0.0,879
f1o06,default_samples,cross,f1o06>f1o07,0.0,1.9340159271899888,-1.9340159271899888,1.0,,879
f1o06,published,within,f1o06,61.18721461187214,1.8493150684931492,59.337899543378995,0.009900990099009901,-0.0,219
f1o06,published,cross,f1o06>f1o07,0.0,2.28310502283105,-2.28310502283105,1.0,,219
f1o06,win_only,within,f1o06,83.72093023255815,90.81395348837208,-7.093023255813932,0.25742574257425743,-0.0,43
f1o06,win_only,cross,f1o06>f1o07,74.4186046511628,90.69767441860465,-16.279069767441854,0.5742574257425742,-0.875,43
f1o06,tol_only,within,f1o06,88.58447488584474,11.894977168949769,76.68949771689498,0.009900990099009901,-0.0,219
f1o06,tol_only,cross,f1o06>f1o07,5.93607305936073,11.43835616438356,-5.50228310502283,0.4752475247524752,7.5,219
f1o06,v2_calibrated,within,f1o06,58.139534883720934,18.720930232558135,39.418604651162795,0.009900990099009901,-0.0,43
f1o06,v2_calibrated,cross,f1o06>f1o07,0.0,16.395348837209298,-16.395348837209298,1.0,,43
f1o06,v2_cal_lag3,within,f1o06,100.0,28.023255813953483,71.97674418604652,0.009900990099009901,-0.0,43
f1o06,v2_cal_lag3,cross,f1o06>f1o07,0.0,23.25581395348837,-23.25581395348837,1.0,,43
f1o07,default_samples,within,f1o07,33.44709897610921,1.9453924914675764,31.501706484641634,0.009900990099009901,-0.0,879
f1o07,default_samples,cross,f1o07>f1o08,0.4550625711035267,1.4789533560864618,-1.023890784982935,0.7029702970297029,-5.75,879
f1o07,published,within,f1o07,35.61643835616438,2.28310502283105,33.33333333333333,0.009900990099009901,-0.0,219
f1o07,published,cross,f1o07>f1o08,0.0,1.82648401826484,-1.82648401826484,1.0,,219
f1o07,win_only,within,f1o07,48.837209302325576,0.0,48.837209302325576,0.009900990099009901,0.25,43
f1o07,win_only,cross,f1o07>f1o08,0.0,0.0,0.0,1.0,,43
f1o07,tol_only,within,f1o07,42.922374429223744,9.155251141552508,33.76712328767124,0.009900990099009901,-0.0,219
f1o07,tol_only,cross,f1o07>f1o08,5.93607305936073,8.6986301369863,-2.7625570776255692,0.27722772277227725,-4.0,219
f1o07,v2_calibrated,within,f1o07,79.06976744186046,11.627906976744185,67.44186046511628,0.009900990099009901,1.125,43
f1o07,v2_calibrated,cross,f1o07>f1o08,9.30232558139535,11.74418604651162,-2.441860465116271,0.39603960396039606,-74.5,43
f1o07,v2_cal_lag3,within,f1o07,83.72093023255815,13.953488372093023,69.76744186046513,0.009900990099009901,0.125,43
f1o07,v2_cal_lag3,cross,f1o07>f1o08,9.30232558139535,13.953488372093023,-4.651162790697674,0.297029702970297,-74.5,43
f1o08,default_samples,within,f1o08,8.19112627986348,1.4846416382252556,6.706484641638225,0.009900990099009901,0.25,879
f1o08,default_samples,cross,f1o08>f1o09,0.0,1.370875995449374,-1.370875995449374,1.0,,879
f1o08,published,within,f1o08,21.00456621004566,1.917808219178077,19.086757990867582,0.009900990099009901,0.25,219
f1o08,published,cross,f1o08>f1o09,0.0,1.82648401826484,-1.82648401826484,1.0,,219
f1o08,win_only,within,f1o08,11.627906976744185,0.0,11.627906976744185,0.009900990099009901,1.25,43
f1o08,win_only,cross,f1o08>f1o09,0.0,0.0,0.0,1.0,,43
f1o08,tol_only,within,f1o08,60.273972602739725,8.264840182648399,52.009132420091326,0.009900990099009901,0.25,219
f1o08,tol_only,cross,f1o08>f1o09,4.10958904109589,9.611872146118719,-5.502283105022829,0.5841584158415841,-5.25,219
f1o08,v2_calibrated,within,f1o08,65.11627906976744,18.720930232558135,46.39534883720931,0.009900990099009901,0.75,43
f1o08,v2_calibrated,cross,f1o08>f1o09,9.30232558139535,21.046511627906973,-11.744186046511624,0.49504950495049505,64.75,43
f1o08,v2_cal_lag3,within,f1o08,53.48837209302325,9.418604651162784,44.06976744186046,0.009900990099009901,1.25,43
f1o08,v2_cal_lag3,cross,f1o08>f1o09,11.627906976744185,9.30232558139535,2.325581395348836,0.0297029702970297,52.25,43
f1o09,default_samples,within,f1o09,6.257110352673492,1.7121729237770191,4.544937428896473,0.009900990099009901,0.25,879
f1o09,default_samples,cross,f1o09>f1o10,0.5688282138794084,1.8259385665529007,-1.2571103526734921,0.4752475247524752,0.5,879
f1o09,published,within,f1o09,3.65296803652968,1.82648401826484,1.82648401826484,0.019801980198019802,0.5,219
f1o09,published,cross,f1o09>f1o10,0.0,2.28310502283105,-2.28310502283105,1.0,,219
f1o09,win_only,within,f1o09,9.30232558139535,0.0,9.30232558139535,0.009900990099009901,0.625,43
f1o09,win_only,cross,f1o09>f1o10,0.0,0.0,0.0,1.0,,43
f1o09,tol_only,within,f1o09,10.95890410958904,10.045662100456621,0.9132420091324196,0.039603960396039604,0.25,219
f1o09,tol_only,cross,f1o09>f1o10,1.82648401826484,10.045662100456621,-8.219178082191782,0.900990099009901,-15.0,219
f1o09,v2_calibrated,within,f1o09,46.51162790697674,18.720930232558135,27.790697674418606,0.009900990099009901,0.375,43
f1o09,v2_calibrated,cross,f1o09>f1o10,0.0,18.720930232558135,-18.720930232558135,1.0,,43
f1o09,v2_cal_lag3,within,f1o09,30.23255813953488,11.74418604651162,18.48837209302326,0.019801980198019802,0.5,43
f1o09,v2_cal_lag3,cross,f1o09>f1o10,0.0,11.976744186046492,-11.976744186046492,1.0,,43
f1o10,default_samples,within,f1o10,11.035267349260524,1.9340159271899888,9.101251422070535,0.009900990099009901,0.25,879
f1o10,default_samples,cross,f1o10>f1y01,0.0,1.4789533560864618,-1.4789533560864618,1.0,,879
f1o10,published,within,f1o10,8.21917808219178,1.82648401826484,6.39269406392694,0.009900990099009901,0.5,219
f1o10,published,cross,f1o10>f1y01,0.0,1.82648401826484,-1.82648401826484,1.0,,219
f1o10,win_only,within,f1o10,27.906976744186046,0.0,27.906976744186046,0.009900990099009901,0.5,43
f1o10,win_only,cross,f1o10>f1y01,0.0,0.0,0.0,1.0,,43
f1o10,tol_only,within,f1o10,36.5296803652968,7.76255707762557,28.76712328767123,0.009900990099009901,2.25,219
f1o10,tol_only,cross,f1o10>f1y01,4.10958904109589,6.41552511415525,-2.3059360730593603,0.24752475247524752,-5.25,219
f1o10,v2_calibrated,within,f1o10,88.37209302325581,18.720930232558135,69.65116279069768,0.009900990099009901,2.75,43
f1o10,v2_calibrated,cross,f1o10>f1y01,18.6046511627907,23.25581395348837,-4.651162790697672,0.18811881188118812,-4.625,43
f1o10,v2_cal_lag3,within,f1o10,90.69767441860465,23.25581395348837,67.44186046511628,0.009900990099009901,2.75,43
f1o10,v2_cal_lag3,cross,f1o10>f1y01,30.23255813953488,20.930232558139537,9.302325581395344,0.019801980198019802,-5.5,43
f1y01,default_samples,within,f1y01,62.91240045506257,2.844141069397042,60.06825938566553,0.009900990099009901,0.5,879
f1y01,default_samples,cross,f1y01>f1y02,1.5927189988623434,1.8259385665529007,-0.2332195676905573,0.13861386138613863,0.25,879
f1y01,published,within,f1y01,89.95433789954338,1.8493150684931492,88.10502283105022,0.009900990099009901,0.5,219
f1y01,published,cross,f1y01>f1y02,1.82648401826484,2.305936073059359,-0.4794520547945189,0.26732673267326734,-3.75,219
f1y01,win_only,within,f1y01,100.0,95.34883720930233,4.6511627906976685,0.009900990099009901,0.5,43
f1y01,win_only,cross,f1y01>f1y02,76.74418604651163,93.02325581395348,-16.279069767441854,0.6237623762376238,0.5,43
f1y01,tol_only,within,f1y01,93.60730593607306,8.264840182648399,85.34246575342466,0.009900990099009901,0.5,219
f1y01,tol_only,cross,f1y01>f1y02,9.1324200913242,10.95890410958904,-1.826484018264841,0.07920792079207921,4.125,219
f1y01,v2_calibrated,within,f1y01,100.0,9.30232558139535,90.69767441860465,0.009900990099009901,0.5,43
f1y01,v2_calibrated,cross,f1y01>f1y02,13.953488372093023,23.48837209302324,-9.534883720930218,0.19801980198019803,1.5,43
f1y01,v2_cal_lag3,within,f1y01,100.0,9.30232558139535,90.69767441860465,0.009900990099009901,0.5,43
f1y01,v2_cal_lag3,cross,f1y01>f1y02,9.30232558139535,9.30232558139535,0.0,0.1485148514851485,-18.5,43
f1y02,default_samples,within,f1y02,62.00227531285552,1.9397042093287826,60.062571103526736,0.009900990099009901,0.75,879
f1y02,default_samples,cross,f1y02>f1y03,0.0,1.370875995449374,-1.370875995449374,1.0,,879
f1y02,published,within,f1y02,71.68949771689498,1.8493150684931492,69.84018264840182,0.009900990099009901,0.75,219
f1y02,published,cross,f1y02>f1y03,3.65296803652968,1.82648401826484,1.82648401826484,0.04950495049504951,6.875,219
f1y02,win_only,within,f1y02,79.06976744186046,0.0,79.06976744186046,0.009900990099009901,0.75,43
f1y02,win_only,cross,f1y02>f1y03,0.0,0.0,0.0,1.0,,43
f1y02,tol_only,within,f1y02,84.93150684931507,9.611872146118719,75.31963470319636,0.009900990099009901,0.75,219
f1y02,tol_only,cross,f1y02>f1y03,10.50228310502283,10.50228310502283,0.0,0.06930693069306931,8.0,219
f1y02,v2_calibrated,within,f1y02,95.34883720930233,20.930232558139537,74.4186046511628,0.009900990099009901,0.75,43
f1y02,v2_calibrated,cross,f1y02>f1y03,9.30232558139535,18.6046511627907,-9.30232558139535,0.40594059405940597,-4.375,43
f1y02,v2_cal_lag3,within,f1y02,90.69767441860465,20.930232558139537,69.76744186046511,0.009900990099009901,0.75,43
f1y02,v2_cal_lag3,cross,f1y02>f1y03,9.30232558139535,13.953488372093023,-4.651162790697674,0.49504950495049505,5.875,43
f1y03,default_samples,within,f1y03,26.84869169510808,1.8373151308304883,25.01137656427759,0.009900990099009901,0.25,879
f1y03,default_samples,cross,f1y03>f1y04,0.9101251422070534,1.8259385665529007,-0.9158134243458472,0.44554455445544555,-1.25,879
f1y03,published,within,f1y03,47.03196347031963,1.8493150684931492,45.182648401826484,0.009900990099009901,0.25,219
f1y03,published,cross,f1y03>f1y04,0.0,1.917808219178077,-1.917808219178077,1.0,,219
f1y03,win_only,within,f1y03,72.09302325581395,0.0,72.09302325581395,0.009900990099009901,0.25,43
f1y03,win_only,cross,f1y03>f1y04,0.0,0.0,0.0,1.0,,43
f1y03,tol_only,within,f1y03,62.10045662100456,6.41552511415525,55.68493150684931,0.009900990099009901,0.25,219
f1y03,tol_only,cross,f1y03>f1y04,1.82648401826484,6.87214611872146,-5.04566210045662,0.7722772277227723,-20.5,219
f1y03,v2_calibrated,within,f1y03,97.67441860465115,18.6046511627907,79.06976744186045,0.009900990099009901,1.625,43
f1y03,v2_calibrated,cross,f1y03>f1y04,9.30232558139535,21.279069767441843,-11.976744186046494,0.44554455445544555,-50.25,43
f1y03,v2_cal_lag3,within,f1y03,97.67441860465115,23.25581395348837,74.41860465116278,0.009900990099009901,1.625,43
f1y03,v2_cal_lag3,cross,f1y03>f1y04,0.0,23.25581395348837,-23.25581395348837,1.0,,43
f1y04,default_samples,within,f1y04,34.243458475540386,2.394766780432309,31.848691695108077,0.009900990099009901,0.75,879
f1y04,default_samples,cross,f1y04>f1y05,2.2753128555176336,2.502844141069397,-0.2275312855517635,0.09900990099009901,0.125,879
f1y04,published,within,f1y04,46.57534246575342,2.28310502283105,44.29223744292237,0.009900990099009901,0.75,219
f1y04,published,cross,f1y04>f1y05,2.73972602739726,1.82648401826484,0.91324200913242,0.0297029702970297,5.125,219
f1y04,win_only,within,f1y04,88.37209302325581,95.34883720930233,-6.976744186046517,0.3564356435643564,0.75,43
f1y04,win_only,cross,f1y04>f1y05,79.06976744186046,93.13953488372091,-14.06976744186045,0.5148514851485149,0.125,43
f1y04,tol_only,within,f1y04,88.12785388127854,12.80821917808219,75.31963470319636,0.009900990099009901,0.75,219
f1y04,tol_only,cross,f1y04>f1y05,13.24200913242009,13.72146118721461,-0.47945205479451936,0.09900990099009901,4.75,219
f1y04,v2_calibrated,within,f1y04,83.72093023255815,9.418604651162784,74.30232558139537,0.009900990099009901,0.75,43
f1y04,v2_calibrated,cross,f1y04>f1y05,18.6046511627907,18.6046511627907,0.0,0.07920792079207921,-0.0,43
f1y04,v2_cal_lag3,within,f1y04,93.02325581395348,11.627906976744185,81.3953488372093,0.009900990099009901,0.75,43
f1y04,v2_cal_lag3,cross,f1y04>f1y05,0.0,18.6046511627907,-18.6046511627907,1.0,,43
f1y05,default_samples,within,f1y05,34.8122866894198,2.2753128555176336,32.53697383390217,0.009900990099009901,0.5,879
f1y05,default_samples,cross,f1y05>f1y06,0.4550625711035267,1.8202502844141069,-1.36518771331058,0.7227722772277227,-5.5,879
f1y05,published,within,f1y05,61.64383561643836,2.28310502283105,59.36073059360731,0.009900990099009901,0.5,219
f1y05,published,cross,f1y05>f1y06,0.0,3.65296803652968,-3.65296803652968,1.0,,219
f1y05,win_only,within,f1y05,79.06976744186046,0.0,79.06976744186046,0.009900990099009901,0.5,43
f1y05,win_only,cross,f1y05>f1y06,0.0,0.0,0.0,1.0,,43
f1y05,tol_only,within,f1y05,73.0593607305936,9.611872146118719,63.447488584474875,0.009900990099009901,0.5,219
f1y05,tol_only,cross,f1y05>f1y06,1.82648401826484,8.6986301369863,-6.872146118721459,0.9207920792079208,19.625,219
f1y05,v2_calibrated,within,f1y05,93.02325581395348,11.860465116279055,81.16279069767442,0.009900990099009901,0.5,43
f1y05,v2_calibrated,cross,f1y05>f1y06,9.30232558139535,11.74418604651162,-2.441860465116271,0.37623762376237624,39.25,43
f1y05,v2_cal_lag3,within,f1y05,88.37209302325581,11.627906976744185,76.74418604651163,0.009900990099009901,0.5,43
f1y05,v2_cal_lag3,cross,f1y05>f1y06,0.0,11.627906976744185,-11.627906976744185,1.0,,43
f1y06,default_samples,within,f1y06,31.74061433447099,1.9340159271899888,29.806598407281,0.009900990099009901,0.5,879
f1y06,default_samples,cross,f1y06>f1y07,0.0,1.4846416382252556,-1.4846416382252556,1.0,,879
f1y06,published,within,f1y06,67.57990867579909,1.82648401826484,65.75342465753425,0.009900990099009901,0.5,219
f1y06,published,cross,f1y06>f1y07,0.0,1.82648401826484,-1.82648401826484,1.0,,219
f1y06,win_only,within,f1y06,68.62745098039215,0.0,68.62745098039215,0.009900990099009901,0.5,51
f1y06,win_only,cross,f1y06>f1y07,0.0,0.0,0.0,1.0,,51
f1y06,tol_only,within,f1y06,71.68949771689498,9.611872146118719,62.077625570776256,0.009900990099009901,0.5,219
f1y06,tol_only,cross,f1y06>f1y07,9.1324200913242,9.611872146118719,-0.47945205479451936,0.07920792079207921,13.125,219
f1y06,v2_calibrated,within,f1y06,94.11764705882352,15.686274509803921,78.4313725490196,0.009900990099009901,0.5,51
f1y06,v2_calibrated,cross,f1y06>f1y07,0.0,11.960784313725478,-11.960784313725478,1.0,,51
f1y06,v2_cal_lag3,within,f1y06,72.54901960784314,15.686274509803921,56.86274509803921,0.009900990099009901,0.5,51
f1y06,v2_cal_lag3,cross,f1y06>f1y07,0.0,15.686274509803921,-15.686274509803921,1.0,,51
f1y07,default_samples,within,f1y07,18.998862343572238,1.8202502844141069,17.17861205915813,0.009900990099009901,0.5,879
f1y07,default_samples,cross,f1y07>f1y08,1.023890784982935,1.8259385665529007,-0.8020477815699656,0.26732673267326734,-5.0,879
f1y07,published,within,f1y07,18.2648401826484,1.82648401826484,16.43835616438356,0.009900990099009901,0.75,219
f1y07,published,cross,f1y07>f1y08,0.0,2.28310502283105,-2.28310502283105,1.0,,219
f1y07,win_only,within,f1y07,32.55813953488372,0.0,32.55813953488372,0.009900990099009901,0.75,43
f1y07,win_only,cross,f1y07>f1y08,0.0,0.0,0.0,1.0,,43
f1y07,tol_only,within,f1y07,42.922374429223744,7.78538812785388,35.136986301369866,0.009900990099009901,0.75,219
f1y07,tol_only,cross,f1y07>f1y08,5.47945205479452,9.611872146118719,-4.132420091324199,0.45544554455445546,10.5,219
f1y07,v2_calibrated,within,f1y07,60.46511627906976,18.6046511627907,41.86046511627906,0.009900990099009901,0.5,43
f1y07,v2_calibrated,cross,f1y07>f1y08,0.0,20.930232558139537,-20.930232558139537,1.0,,43
f1y07,v2_cal_lag3,within,f1y07,44.18604651162791,11.976744186046492,32.20930232558142,0.009900990099009901,0.5,43
f1y07,v2_cal_lag3,cross,f1y07>f1y08,0.0,9.30232558139535,-9.30232558139535,1.0,,43
f1y08,default_samples,within,f1y08,20.819112627986346,1.8202502844141069,18.998862343572238,0.009900990099009901,0.5,879
f1y08,default_samples,cross,f1y08>f1y09,0.9101251422070534,1.8202502844141069,-0.9101251422070534,0.504950495049505,-1.75,879
f1y08,published,within,f1y08,20.091324200913242,2.7853881278538783,17.305936073059364,0.009900990099009901,0.25,219
f1y08,published,cross,f1y08>f1y09,2.28310502283105,3.65296803652968,-1.3698630136986303,0.07920792079207921,18.25,219
f1y08,win_only,within,f1y08,9.30232558139535,0.0,9.30232558139535,0.019801980198019802,0.25,43
f1y08,win_only,cross,f1y08>f1y09,0.0,0.0,0.0,1.0,,43
f1y08,tol_only,within,f1y08,42.922374429223744,9.1324200913242,33.789954337899545,0.009900990099009901,0.25,219
f1y08,tol_only,cross,f1y08>f1y09,4.5662100456621,8.242009132420089,-3.675799086757989,0.4158415841584158,16.0,219
f1y08,v2_calibrated,within,f1y08,74.4186046511628,20.930232558139537,53.48837209302326,0.009900990099009901,0.5,43
f1y08,v2_calibrated,cross,f1y08>f1y09,9.30232558139535,11.74418604651162,-2.441860465116271,0.31683168316831684,2.75,43
f1y08,v2_cal_lag3,within,f1y08,67.44186046511628,11.627906976744185,55.81395348837209,0.009900990099009901,0.5,43
f1y08,v2_cal_lag3,cross,f1y08>f1y09,0.0,11.627906976744185,-11.627906976744185,1.0,,43
f1y09,default_samples,within,f1y09,44.937428896473264,1.604095563139931,43.333333333333336,0.009900990099009901,0.5,879
f1y09,default_samples,cross,f1y09>f1y10,1.3651877133105803,1.95108077360637,-0.5858930602957897,0.26732673267326734,-0.125,879
f1y09,published,within,f1y09,72.6027397260274,2.28310502283105,70.31963470319634,0.009900990099009901,0.5,219
f1y09,published,cross,f1y09>f1y10,0.0,1.82648401826484,-1.82648401826484,1.0,,219
f1y09,win_only,within,f1y09,79.06976744186046,0.0,79.06976744186046,0.009900990099009901,0.5,43
f1y09,win_only,cross,f1y09>f1y10,0.0,0.0,0.0,1.0,,43
f1y09,tol_only,within,f1y09,81.7351598173516,9.155251141552508,72.57990867579909,0.009900990099009901,0.5,219
f1y09,tol_only,cross,f1y09>f1y10,2.28310502283105,9.1324200913242,-6.84931506849315,0.6831683168316832,-12.25,219
f1y09,v2_calibrated,within,f1y09,93.02325581395348,18.720930232558135,74.30232558139535,0.009900990099009901,0.5,43
f1y09,v2_calibrated,cross,f1y09>f1y10,9.30232558139535,11.627906976744185,-2.325581395348836,0.2376237623762376,132.625,43
f1y09,v2_cal_lag3,within,f1y09,90.69767441860465,18.6046511627907,72.09302325581395,0.009900990099009901,0.5,43
f1y09,v2_cal_lag3,cross,f1y09>f1y10,9.30232558139535,16.395348837209298,-7.093023255813948,0.32673267326732675,27.625,43
f1y10,default_samples,within,f1y10,35.72241183162685,1.604095563139931,34.11831626848692,0.009900990099009901,0.5,879
f1y10,default_samples,cross,f1y10>f2o01,0.4550625711035267,1.8202502844141069,-1.36518771331058,0.7326732673267327,-1.5,879
f1y10,published,within,f1y10,57.077625570776256,1.82648401826484,55.25114155251141,0.009900990099009901,0.5,219
f1y10,published,cross,f1y10>f2o01,0.0,2.7853881278538783,-2.7853881278538783,1.0,,219
f1y10,win_only,within,f1y10,79.06976744186046,0.0,79.06976744186046,0.009900990099009901,0.5,43
f1y10,win_only,cross,f1y10>f2o01,0.0,0.0,0.0,1.0,,43
f1y10,tol_only,within,f1y10,68.94977168949772,7.831050228310498,61.11872146118723,0.009900990099009901,0.5,219
f1y10,tol_only,cross,f1y10>f2o01,3.65296803652968,7.30593607305936,-3.65296803652968,0.5247524752475248,-3.0,219
f1y10,v2_calibrated,within,f1y10,95.34883720930233,18.6046511627907,76.74418604651163,0.009900990099009901,0.5,43
f1y10,v2_calibrated,cross,f1y10>f2o01,9.30232558139535,20.930232558139537,-11.627906976744187,0.48514851485148514,91.75,43
f1y10,v2_cal_lag3,within,f1y10,83.72093023255815,18.6046511627907,65.11627906976744,0.009900990099009901,0.5,43
f1y10,v2_cal_lag3,cross,f1y10>f2o01,0.0,18.6046511627907,-18.6046511627907,1.0,,43
f2o01,default_samples,within,f2o01,24.687144482366325,2.2810011376564274,22.406143344709896,0.009900990099009901,0.25,879
f2o01,default_samples,cross,f2o01>f2o02,0.9101251422070534,1.4789533560864618,-0.5688282138794084,0.31683168316831684,-3.375,879
f2o01,published,within,f2o01,58.9041095890411,2.28310502283105,56.62100456621005,0.009900990099009901,0.25,219
f2o01,published,cross,f2o01>f2o02,0.0,1.82648401826484,-1.82648401826484,1.0,,219
f2o01,win_only,within,f2o01,93.02325581395348,0.0,93.02325581395348,0.009900990099009901,0.25,43
f2o01,win_only,cross,f2o01>f2o02,0.0,0.0,0.0,1.0,,43
f2o01,tol_only,within,f2o01,78.08219178082192,8.67579908675799,69.40639269406392,0.009900990099009901,0.25,219
f2o01,tol_only,cross,f2o01>f2o02,1.82648401826484,7.76255707762557,-5.93607305936073,0.7920792079207921,-26.875,219
f2o01,v2_calibrated,within,f2o01,100.0,18.720930232558135,81.27906976744187,0.009900990099009901,0.25,43
f2o01,v2_calibrated,cross,f2o01>f2o02,0.0,23.25581395348837,-23.25581395348837,1.0,,43
f2o01,v2_cal_lag3,within,f2o01,100.0,9.418604651162784,90.58139534883722,0.009900990099009901,0.25,43
f2o01,v2_cal_lag3,cross,f2o01>f2o02,0.0,18.6046511627907,-18.6046511627907,1.0,,43
f2o02,default_samples,within,f2o02,40.72810011376564,6.490329920364049,34.237770193401595,0.009900990099009901,0.5,879
f2o02,default_samples,cross,f2o02>f2o03,0.9101251422070534,2.167235494880546,-1.2571103526734926,0.6039603960396039,-0.125,879
f2o02,published,within,f2o02,46.118721461187214,1.8493150684931492,44.269406392694066,0.009900990099009901,0.5,219
f2o02,published,cross,f2o02>f2o03,2.28310502283105,1.82648401826484,0.4566210045662098,0.04950495049504951,27.75,219
f2o02,win_only,within,f2o02,76.74418604651163,0.0,76.74418604651163,0.009900990099009901,0.25,43
f2o02,win_only,cross,f2o02>f2o03,0.0,0.0,0.0,1.0,,43
f2o02,tol_only,within,f2o02,76.71232876712328,13.698630136986301,63.01369863013698,0.009900990099009901,0.5,219
f2o02,tol_only,cross,f2o02>f2o03,4.10958904109589,11.894977168949769,-7.785388127853879,0.693069306930693,27.25,219
f2o02,v2_calibrated,within,f2o02,86.04651162790698,11.627906976744185,74.4186046511628,0.009900990099009901,0.5,43
f2o02,v2_calibrated,cross,f2o02>f2o03,0.0,14.186046511627893,-14.186046511627893,1.0,,43
f2o02,v2_cal_lag3,within,f2o02,88.37209302325581,20.930232558139537,67.44186046511628,0.009900990099009901,0.5,43
f2o02,v2_cal_lag3,cross,f2o02>f2o03,0.0,18.6046511627907,-18.6046511627907,1.0,,43
f2o03,default_samples,within,f2o03,17.064846416382252,1.9340159271899888,15.130830489192263,0.009900990099009901,-0.0,879
f2o03,default_samples,cross,f2o03>f2o04,0.4550625711035267,1.8202502844141069,-1.36518771331058,0.6633663366336634,-4.125,879
f2o03,published,within,f2o03,34.70319634703196,1.82648401826484,32.87671232876712,0.009900990099009901,0.25,219
f2o03,published,cross,f2o03>f2o04,0.0,1.82648401826484,-1.82648401826484,1.0,,219
f2o03,win_only,within,f2o03,58.139534883720934,65.11627906976744,-6.97674418604651,0.1485148514851485,-0.0,43
f2o03,win_only,cross,f2o03>f2o04,27.906976744186046,62.90697674418604,-34.99999999999999,0.8415841584158416,-1.875,43
f2o03,tol_only,within,f2o03,61.18721461187214,7.831050228310498,53.35616438356165,0.009900990099009901,0.25,219
f2o03,tol_only,cross,f2o03>f2o04,5.93607305936073,9.58904109589041,-3.65296803652968,0.27722772277227725,-9.5,219
f2o03,v2_calibrated,within,f2o03,32.55813953488372,9.30232558139535,23.25581395348837,0.009900990099009901,-0.0,43
f2o03,v2_calibrated,cross,f2o03>f2o04,0.0,9.418604651162784,-9.418604651162784,1.0,,43
f2o03,v2_cal_lag3,within,f2o03,67.44186046511628,18.6046511627907,48.837209302325576,0.009900990099009901,0.25,43
f2o03,v2_cal_lag3,cross,f2o03>f2o04,0.0,18.720930232558135,-18.720930232558135,1.0,,43
f2o04,default_samples,within,f2o04,56.882821387940844,4.101251422070534,52.78156996587031,0.009900990099009901,-0.0,879
f2o04,default_samples,cross,f2o04>f2o05,0.4550625711035267,1.7121729237770191,-1.2571103526734924,0.7227722772277227,2.875,879
f2o04,published,within,f2o04,48.401826484018265,1.82648401826484,46.57534246575342,0.009900990099009901,-0.0,219
f2o04,published,cross,f2o04>f2o05,0.0,2.305936073059359,-2.305936073059359,1.0,,219
f2o04,win_only,within,f2o04,74.4186046511628,0.0,74.4186046511628,0.009900990099009901,-0.0,43
f2o04,win_only,cross,f2o04>f2o05,0.0,0.0,0.0,1.0,,43
f2o04,tol_only,within,f2o04,70.31963470319634,9.611872146118719,60.70776255707762,0.009900990099009901,-0.0,219
f2o04,tol_only,cross,f2o04>f2o05,4.10958904109589,9.58904109589041,-5.47945205479452,0.5643564356435643,3.25,219
f2o04,v2_calibrated,within,f2o04,81.3953488372093,23.25581395348837,58.13953488372093,0.009900990099009901,-0.0,43
f2o04,v2_calibrated,cross,f2o04>f2o05,0.0,23.25581395348837,-23.25581395348837,1.0,,43
f2o04,v2_cal_lag3,within,f2o04,95.34883720930233,18.720930232558135,76.6279069767442,0.009900990099009901,-0.0,43
f2o04,v2_cal_lag3,cross,f2o04>f2o05,0.0,20.930232558139537,-20.930232558139537,1.0,,43
f2o05,default_samples,within,f2o05,7.281001137656427,1.9340159271899888,5.346985210466439,0.009900990099009901,0.25,879
f2o05,default_samples,cross,f2o05>f2o06,0.0,1.3651877133105803,-1.3651877133105803,1.0,,879
f2o05,published,within,f2o05,7.30593607305936,3.65296803652968,3.65296803652968,0.009900990099009901,2.625,219
f2o05,published,cross,f2o05>f2o06,0.0,1.82648401826484,-1.82648401826484,1.0,,219
f2o05,win_only,within,f2o05,9.30232558139535,0.0,9.30232558139535,0.009900990099009901,3.5,43
f2o05,win_only,cross,f2o05>f2o06,0.0,0.0,0.0,1.0,,43
f2o05,tol_only,within,f2o05,31.963470319634702,9.178082191780819,22.785388127853885,0.009900990099009901,3.25,219
f2o05,tol_only,cross,f2o05>f2o06,1.82648401826484,9.1324200913242,-7.305936073059359,0.9207920792079208,-27.875,219
f2o05,v2_calibrated,within,f2o05,53.48837209302325,23.25581395348837,30.23255813953488,0.009900990099009901,3.75,43
f2o05,v2_calibrated,cross,f2o05>f2o06,0.0,20.930232558139537,-20.930232558139537,1.0,,43
f2o05,v2_cal_lag3,within,f2o05,60.46511627906976,18.6046511627907,41.86046511627906,0.009900990099009901,3.625,43
f2o05,v2_cal_lag3,cross,f2o05>f2o06,9.30232558139535,18.6046511627907,-9.30232558139535,0.5346534653465347,54.75,43
f2o06,default_samples,within,f2o06,22.980659840728098,1.8259385665529007,21.1547212741752,0.009900990099009901,0.75,879
f2o06,default_samples,cross,f2o06>f2o07,1.3651877133105803,1.9340159271899888,-0.5688282138794085,0.19801980198019803,-0.875,879
f2o06,published,within,f2o06,36.986301369863014,1.82648401826484,35.15981735159817,0.009900990099009901,0.75,219
f2o06,published,cross,f2o06>f2o07,0.0,2.28310502283105,-2.28310502283105,1.0,,219
f2o06,win_only,within,f2o06,97.72727272727273,72.72727272727273,25.0,0.009900990099009901,0.75,44
f2o06,win_only,cross,f2o06>f2o07,70.45454545454545,72.8409090909091,-2.3863636363636402,0.12871287128712872,-0.5,44
f2o06,tol_only,within,f2o06,47.48858447488584,9.1324200913242,38.35616438356164,0.009900990099009901,0.75,219
f2o06,tol_only,cross,f2o06>f2o07,0.0,9.657534246575338,-9.657534246575338,1.0,,219
f2o06,v2_calibrated,within,f2o06,43.18181818181818,18.181818181818183,24.999999999999996,0.009900990099009901,0.75,44
f2o06,v2_calibrated,cross,f2o06>f2o07,0.0,20.454545454545457,-20.454545454545457,1.0,,44
f2o06,v2_cal_lag3,within,f2o06,70.45454545454545,11.363636363636363,59.09090909090909,0.009900990099009901,0.75,44
f2o06,v2_cal_lag3,cross,f2o06>f2o07,0.0,13.636363636363635,-13.636363636363635,1.0,,44
f2o07,default_samples,within,f2o07,33.21956769055745,2.3890784982935154,30.830489192263933,0.009900990099009901,0.25,879
f2o07,default_samples,cross,f2o07>f2o08,1.023890784982935,1.8202502844141069,-0.7963594994311718,0.297029702970297,-1.75,879
f2o07,published,within,f2o07,29.68036529680365,1.82648401826484,27.85388127853881,0.009900990099009901,0.5,219
f2o07,published,cross,f2o07>f2o08,0.0,1.82648401826484,-1.82648401826484,1.0,,219
f2o07,win_only,within,f2o07,62.7906976744186,0.0,62.7906976744186,0.009900990099009901,0.5,43
f2o07,win_only,cross,f2o07>f2o08,0.0,0.0,0.0,1.0,,43
f2o07,tol_only,within,f2o07,44.74885844748858,8.264840182648399,36.48401826484018,0.009900990099009901,0.5,219
f2o07,tol_only,cross,f2o07>f2o08,0.0,7.32876712328767,-7.32876712328767,1.0,,219
f2o07,v2_calibrated,within,f2o07,79.06976744186046,27.906976744186046,51.16279069767442,0.009900990099009901,0.5,43
f2o07,v2_calibrated,cross,f2o07>f2o08,20.930232558139537,32.55813953488372,-11.627906976744185,0.32673267326732675,132.25,43
f2o07,v2_cal_lag3,within,f2o07,67.44186046511628,18.720930232558135,48.720930232558146,0.009900990099009901,0.5,43
f2o07,v2_cal_lag3,cross,f2o07>f2o08,9.30232558139535,23.372093023255808,-14.069767441860458,0.6633663366336634,-76.25,43
f2o08,default_samples,within,f2o08,11.945392491467576,1.8202502844141069,10.12514220705347,0.009900990099009901,0.25,879
f2o08,default_samples,cross,f2o08>f2o09,1.3651877133105803,1.376564277588168,-0.011376564277587597,0.12871287128712872,-2.625,879
f2o08,published,within,f2o08,35.61643835616438,1.8493150684931492,33.76712328767123,0.009900990099009901,0.25,219
f2o08,published,cross,f2o08>f2o09,0.0,2.28310502283105,-2.28310502283105,1.0,,219
f2o08,win_only,within,f2o08,83.72093023255815,88.37209302325581,-4.6511627906976685,0.1188118811881188,0.25,43
f2o08,win_only,cross,f2o08>f2o09,46.51162790697674,86.04651162790698,-39.53488372093024,0.8613861386138614,-1.75,43
f2o08,tol_only,within,f2o08,41.55251141552511,10.09132420091324,31.46118721461187,0.009900990099009901,0.25,219
f2o08,tol_only,cross,f2o08>f2o09,1.82648401826484,9.1324200913242,-7.305936073059359,0.9306930693069307,-12.25,219
f2o08,v2_calibrated,within,f2o08,32.55813953488372,18.720930232558135,13.837209302325586,0.009900990099009901,0.25,43
f2o08,v2_calibrated,cross,f2o08>f2o09,18.6046511627907,23.372093023255808,-4.767441860465109,0.2376237623762376,-1.75,43
f2o08,v2_cal_lag3,within,f2o08,60.46511627906976,20.930232558139537,39.534883720930225,0.009900990099009901,0.25,43
f2o08,v2_cal_lag3,cross,f2o08>f2o09,0.0,11.627906976744185,-11.627906976744185,1.0,,43
f2o09,default_samples,within,f2o09,17.064846416382252,1.8202502844141069,15.244596131968146,0.009900990099009901,0.25,879
f2o09,default_samples,cross,f2o09>f2o10,0.4550625711035267,1.8259385665529007,-1.3708759954493739,0.900990099009901,6.875,879
f2o09,published,within,f2o09,36.5296803652968,2.28310502283105,34.246575342465746,0.009900990099009901,0.5,219
f2o09,published,cross,f2o09>f2o10,0.0,2.305936073059359,-2.305936073059359,1.0,,219
f2o09,win_only,within,f2o09,27.906976744186046,0.0,27.906976744186046,0.009900990099009901,0.5,43
f2o09,win_only,cross,f2o09>f2o10,0.0,0.0,0.0,1.0,,43
f2o09,tol_only,within,f2o09,57.534246575342465,10.06849315068493,47.465753424657535,0.009900990099009901,0.5,219
f2o09,tol_only,cross,f2o09>f2o10,5.47945205479452,10.570776255707758,-5.091324200913237,0.45544554455445546,-1.75,219
f2o09,v2_calibrated,within,f2o09,86.04651162790698,18.720930232558135,67.32558139534885,0.009900990099009901,0.5,43
f2o09,v2_calibrated,cross,f2o09>f2o10,0.0,11.627906976744185,-11.627906976744185,1.0,,43
f2o09,v2_cal_lag3,within,f2o09,90.69767441860465,20.930232558139537,69.76744186046511,0.009900990099009901,0.5,43
f2o09,v2_cal_lag3,cross,f2o09>f2o10,9.30232558139535,23.48837209302324,-14.186046511627891,0.5445544554455446,-52.375,43
f2o10,default_samples,within,f2o10,25.369738339021612,1.9340159271899888,23.435722411831623,0.009900990099009901,-0.0,879
f2o10,default_samples,cross,f2o10>f2y01,0.4550625711035267,1.4789533560864618,-1.023890784982935,0.6732673267326733,1.75,879
f2o10,published,within,f2o10,12.32876712328767,1.82648401826484,10.50228310502283,0.009900990099009901,0.25,219
f2o10,published,cross,f2o10>f2y01,0.0,2.28310502283105,-2.28310502283105,1.0,,219
f2o10,win_only,within,f2o10,25.581395348837212,0.0,25.581395348837212,0.009900990099009901,0.25,43
f2o10,win_only,cross,f2o10>f2y01,0.0,0.0,0.0,1.0,,43
f2o10,tol_only,within,f2o10,21.461187214611872,9.155251141552508,12.305936073059364,0.009900990099009901,0.25,219
f2o10,tol_only,cross,f2o10>f2y01,1.82648401826484,8.242009132420089,-6.4155251141552485,0.9108910891089109,19.375,219
f2o10,v2_calibrated,within,f2o10,32.55813953488372,18.6046511627907,13.953488372093023,0.009900990099009901,0.25,43
f2o10,v2_calibrated,cross,f2o10>f2y01,11.627906976744185,20.930232558139537,-9.302325581395351,0.1782178217821782,55.25,43
f2o10,v2_cal_lag3,within,f2o10,51.162790697674424,11.976744186046492,39.186046511627936,0.009900990099009901,0.25,43
f2o10,v2_cal_lag3,cross,f2o10>f2y01,0.0,18.6046511627907,-18.6046511627907,1.0,,43
f2y01,default_samples,within,f2y01,34.92605233219568,1.8202502844141069,33.10580204778157,0.009900990099009901,0.5,879
f2y01,default_samples,cross,f2y01>f2y02,1.1376564277588168,1.3651877133105803,-0.2275312855517635,0.10891089108910891,-4.125,879
f2y01,published,within,f2y01,29.22374429223744,1.82648401826484,27.397260273972602,0.009900990099009901,0.5,219
f2y01,published,cross,f2y01>f2y02,1.82648401826484,2.28310502283105,-0.4566210045662098,0.22772277227722773,-3.75,219
f2y01,win_only,within,f2y01,42.42424242424242,0.0,42.42424242424242,0.009900990099009901,0.5,66
f2y01,win_only,cross,f2y01>f2y02,0.0,0.0,0.0,1.0,,66
f2y01,tol_only,within,f2y01,70.77625570776256,7.76255707762557,63.013698630136986,0.009900990099009901,0.5,219
f2y01,tol_only,cross,f2y01>f2y02,1.82648401826484,7.30593607305936,-5.47945205479452,0.8118811881188119,-3.75,219
f2y01,v2_calibrated,within,f2y01,83.33333333333334,19.696969696969695,63.63636363636365,0.009900990099009901,0.5,66
f2y01,v2_calibrated,cross,f2y01>f2y02,33.33333333333333,15.151515151515152,18.181818181818176,0.009900990099009901,21.125,66
f2y01,v2_cal_lag3,within,f2y01,83.33333333333334,13.636363636363635,69.6969696969697,0.009900990099009901,0.5,66
f2y01,v2_cal_lag3,cross,f2y01>f2y02,12.121212121212121,13.712121212121206,-1.5909090909090846,0.2079207920792079,10.0,66
f2y02,default_samples,within,f2y02,46.985210466439135,2.502844141069397,44.48236632536974,0.009900990099009901,0.75,879
f2y02,default_samples,cross,f2y02>f2y03,0.9101251422070534,1.3651877133105803,-0.4550625711035269,0.32673267326732675,5.125,879
f2y02,published,within,f2y02,75.34246575342466,1.82648401826484,73.51598173515983,0.009900990099009901,0.75,219
f2y02,published,cross,f2y02>f2y03,0.0,1.82648401826484,-1.82648401826484,1.0,,219
f2y02,win_only,within,f2y02,100.0,86.04651162790698,13.95348837209302,0.009900990099009901,0.75,43
f2y02,win_only,cross,f2y02>f2y03,67.44186046511628,86.16279069767441,-18.720930232558132,0.5544554455445545,-0.5,43
f2y02,tol_only,within,f2y02,86.3013698630137,12.35159817351598,73.94977168949772,0.009900990099009901,0.75,219
f2y02,tol_only,cross,f2y02>f2y03,8.67579908675799,10.570776255707758,-1.894977168949767,0.22772277227722773,2.5,219
f2y02,v2_calibrated,within,f2y02,81.3953488372093,11.860465116279055,69.53488372093024,0.009900990099009901,0.75,43
f2y02,v2_calibrated,cross,f2y02>f2y03,0.0,14.186046511627893,-14.186046511627893,1.0,,43
f2y02,v2_cal_lag3,within,f2y02,100.0,11.627906976744185,88.37209302325581,0.009900990099009901,0.75,43
f2y02,v2_cal_lag3,cross,f2y02>f2y03,0.0,18.6046511627907,-18.6046511627907,1.0,,43
f2y03,default_samples,within,f2y03,59.84072810011376,7.286689419795221,52.554038680318534,0.009900990099009901,0.5,879
f2y03,default_samples,cross,f2y03>f2y04,4.550625711035267,3.8964732650739466,0.6541524459613206,0.04950495049504951,-0.0,879
f2y03,published,within,f2y03,63.4703196347032,1.82648401826484,61.64383561643836,0.009900990099009901,0.5,219
f2y03,published,cross,f2y03>f2y04,0.0,1.8493150684931492,-1.8493150684931492,1.0,,219
f2y03,win_only,within,f2y03,65.11627906976744,0.0,65.11627906976744,0.009900990099009901,0.5,43
f2y03,win_only,cross,f2y03>f2y04,0.0,0.0,0.0,1.0,,43
f2y03,tol_only,within,f2y03,87.67123287671232,9.1324200913242,78.53881278538813,0.009900990099009901,0.5,219
f2y03,tol_only,cross,f2y03>f2y04,10.045662100456621,11.415525114155251,-1.3698630136986303,0.12871287128712872,15.0,219
f2y03,v2_calibrated,within,f2y03,100.0,18.6046511627907,81.3953488372093,0.009900990099009901,0.5,43
f2y03,v2_calibrated,cross,f2y03>f2y04,18.6046511627907,18.6046511627907,0.0,0.07920792079207921,19.0,43
f2y03,v2_cal_lag3,within,f2y03,100.0,18.6046511627907,81.3953488372093,0.009900990099009901,0.5,43
f2y03,v2_cal_lag3,cross,f2y03>f2y04,11.627906976744185,11.627906976744185,0.0,0.10891089108910891,-63.0,43
f2y04,default_samples,within,f2y04,43.91353811149033,3.1854379977246867,40.72810011376565,0.009900990099009901,0.25,879
f2y04,default_samples,cross,f2y04>f2y05,0.0,1.5927189988623434,-1.5927189988623434,1.0,,879
f2y04,published,within,f2y04,32.87671232876712,1.82648401826484,31.05022831050228,0.009900990099009901,0.25,219
f2y04,published,cross,f2y04>f2y05,3.65296803652968,1.8493150684931492,1.803652968036531,0.04950495049504951,-3.125,219
f2y04,win_only,within,f2y04,39.53488372093023,0.0,39.53488372093023,0.009900990099009901,0.5,43
f2y04,win_only,cross,f2y04>f2y05,0.0,0.5813953488371763,-0.5813953488371763,1.0,,43
f2y04,tol_only,within,f2y04,44.74885844748858,7.32876712328767,37.42009132420091,0.009900990099009901,0.25,219
f2y04,tol_only,cross,f2y04>f2y05,5.93607305936073,8.264840182648399,-2.328767123287669,0.24752475247524752,-3.0,219
f2y04,v2_calibrated,within,f2y04,90.69767441860465,14.186046511627893,76.51162790697676,0.009900990099009901,0.5,43
f2y04,v2_calibrated,cross,f2y04>f2y05,0.0,11.627906976744185,-11.627906976744185,1.0,,43
f2y04,v2_cal_lag3,within,f2y04,76.74418604651163,18.6046511627907,58.13953488372093,0.009900990099009901,0.5,43
f2y04,v2_cal_lag3,cross,f2y04>f2y05,0.0,11.627906976744185,-11.627906976744185,1.0,,43
f2y05,default_samples,within,f2y05,31.74061433447099,1.8202502844141069,29.920364050056882,0.009900990099009901,0.25,879
f2y05,default_samples,cross,f2y05>f2y06,0.5688282138794084,1.8202502844141069,-1.2514220705346983,0.4158415841584158,-0.0,879
f2y05,published,within,f2y05,39.726027397260275,1.82648401826484,37.89954337899543,0.009900990099009901,0.5,219
f2y05,published,cross,f2y05>f2y06,0.0,1.8493150684931492,-1.8493150684931492,1.0,,219
f2y05,win_only,within,f2y05,55.81395348837209,0.0,55.81395348837209,0.009900990099009901,0.25,43
f2y05,win_only,cross,f2y05>f2y06,0.0,0.0,0.0,1.0,,43
f2y05,tol_only,within,f2y05,58.44748858447488,9.58904109589041,48.858447488584474,0.009900990099009901,0.5,219
f2y05,tol_only,cross,f2y05>f2y06,1.82648401826484,9.58904109589041,-7.76255707762557,0.8811881188118812,4.375,219
f2y05,v2_calibrated,within,f2y05,81.3953488372093,18.6046511627907,62.790697674418595,0.009900990099009901,0.25,43
f2y05,v2_calibrated,cross,f2y05>f2y06,9.30232558139535,9.30232558139535,0.0,0.2079207920792079,-74.0,43
f2y05,v2_cal_lag3,within,f2y05,81.3953488372093,18.6046511627907,62.790697674418595,0.009900990099009901,0.25,43
f2y05,v2_cal_lag3,cross,f2y05>f2y06,9.30232558139535,18.6046511627907,-9.30232558139535,0.40594059405940597,-74.0,43
f2y06,default_samples,within,f2y06,26.84869169510808,1.8202502844141069,25.028441410693972,0.009900990099009901,0.5,879
f2y06,default_samples,cross,f2y06>f2y07,0.4550625711035267,1.4789533560864618,-1.023890784982935,0.6831683168316832,-1.75,879
f2y06,published,within,f2y06,41.55251141552511,1.82648401826484,39.72602739726027,0.009900990099009901,0.5,219
f2y06,published,cross,f2y06>f2y07,1.82648401826484,1.8493150684931492,-0.022831050228309113,0.2376237623762376,-4.0,219
f2y06,win_only,within,f2y06,86.04651162790698,0.0,86.04651162790698,0.009900990099009901,0.5,43
f2y06,win_only,cross,f2y06>f2y07,0.0,0.0,0.0,1.0,,43
f2y06,tol_only,within,f2y06,74.88584474885845,9.155251141552508,65.73059360730593,0.009900990099009901,0.5,219
f2y06,tol_only,cross,f2y06>f2y07,10.95890410958904,8.242009132420089,2.716894977168952,0.0297029702970297,0.5,219
f2y06,v2_calibrated,within,f2y06,97.67441860465115,20.930232558139537,76.74418604651162,0.009900990099009901,0.5,43
f2y06,v2_calibrated,cross,f2y06>f2y07,0.0,21.046511627906973,-21.046511627906973,1.0,,43
f2y06,v2_cal_lag3,within,f2y06,100.0,11.976744186046492,88.02325581395351,0.009900990099009901,0.5,43
f2y06,v2_cal_lag3,cross,f2y06>f2y07,0.0,11.74418604651162,-11.74418604651162,1.0,,43
f2y07,default_samples,within,f2y07,36.063708759954494,4.215017064846416,31.84869169510808,0.009900990099009901,0.75,879
f2y07,default_samples,cross,f2y07>f2y08,0.9101251422070534,1.370875995449374,-0.4607508532423207,0.31683168316831684,-2.5,879
f2y07,published,within,f2y07,72.6027397260274,2.28310502283105,70.31963470319634,0.009900990099009901,0.75,219
f2y07,published,cross,f2y07>f2y08,0.0,1.82648401826484,-1.82648401826484,1.0,,219
f2y07,win_only,within,f2y07,97.67441860465115,83.72093023255815,13.953488372093005,0.009900990099009901,0.75,43
f2y07,win_only,cross,f2y07>f2y08,74.4186046511628,86.04651162790698,-11.627906976744185,0.27722772277227725,0.25,43
f2y07,tol_only,within,f2y07,82.1917808219178,11.484018264840179,70.70776255707763,0.009900990099009901,0.75,219
f2y07,tol_only,cross,f2y07>f2y08,1.82648401826484,9.58904109589041,-7.76255707762557,0.9405940594059405,-13.75,219
f2y07,v2_calibrated,within,f2y07,88.37209302325581,9.30232558139535,79.06976744186046,0.009900990099009901,0.75,43
f2y07,v2_calibrated,cross,f2y07>f2y08,0.0,11.627906976744185,-11.627906976744185,1.0,,43
f2y07,v2_cal_lag3,within,f2y07,100.0,20.930232558139537,79.06976744186046,0.009900990099009901,0.75,43
f2y07,v2_cal_lag3,cross,f2y07>f2y08,0.0,18.6046511627907,-18.6046511627907,1.0,,43
f2y08,default_samples,within,f2y08,54.37997724687145,2.741751990898748,51.6382252559727,0.009900990099009901,0.5,879
f2y08,default_samples,cross,f2y08>f2y09,0.4550625711035267,1.370875995449374,-0.9158134243458473,0.6534653465346535,2.875,879
f2y08,published,within,f2y08,85.84474885844749,1.82648401826484,84.01826484018265,0.009900990099009901,0.5,219
f2y08,published,cross,f2y08>f2y09,0.0,3.65296803652968,-3.65296803652968,1.0,,219
f2y08,win_only,within,f2y08,88.37209302325581,0.0,88.37209302325581,0.009900990099009901,0.75,43
f2y08,win_only,cross,f2y08>f2y09,0.0,0.0,0.0,1.0,,43
f2y08,tol_only,within,f2y08,92.23744292237443,10.09132420091324,82.14611872146119,0.009900990099009901,0.5,219
f2y08,tol_only,cross,f2y08>f2y09,5.47945205479452,10.09132420091324,-4.61187214611872,0.48514851485148514,3.875,219
f2y08,v2_calibrated,within,f2y08,93.02325581395348,18.6046511627907,74.41860465116278,0.009900990099009901,0.75,43
f2y08,v2_calibrated,cross,f2y08>f2y09,0.0,14.186046511627893,-14.186046511627893,1.0,,43
f2y08,v2_cal_lag3,within,f2y08,93.02325581395348,9.30232558139535,83.72093023255813,0.009900990099009901,0.75,43
f2y08,v2_cal_lag3,cross,f2y08>f2y09,0.0,11.74418604651162,-11.74418604651162,1.0,,43
f2y09,default_samples,within,f2y09,28.213879408418656,1.5927189988623434,26.621160409556314,0.009900990099009901,0.5,879
f2y09,default_samples,cross,f2y09>f2y10,0.9101251422070534,1.9340159271899888,-1.0238907849829353,0.48514851485148514,3.625,879
f2y09,published,within,f2y09,42.465753424657535,2.28310502283105,40.182648401826484,0.009900990099009901,0.5,219
f2y09,published,cross,f2y09>f2y10,0.0,1.82648401826484,-1.82648401826484,1.0,,219
f2y09,win_only,within,f2y09,44.18604651162791,0.0,44.18604651162791,0.009900990099009901,0.5,43
f2y09,win_only,cross,f2y09>f2y10,0.0,0.0,0.0,1.0,,43
f2y09,tol_only,within,f2y09,61.64383561643836,8.21917808219178,53.42465753424658,0.009900990099009901,0.5,219
f2y09,tol_only,cross,f2y09>f2y10,1.82648401826484,7.78538812785388,-5.95890410958904,0.8415841584158416,9.875,219
f2y09,v2_calibrated,within,f2y09,81.3953488372093,18.6046511627907,62.790697674418595,0.009900990099009901,0.5,43
f2y09,v2_calibrated,cross,f2y09>f2y10,11.627906976744185,18.6046511627907,-6.976744186046513,0.1188118811881188,-18.75,43
f2y09,v2_cal_lag3,within,f2y09,83.72093023255815,11.860465116279055,71.86046511627909,0.009900990099009901,0.5,43
f2y09,v2_cal_lag3,cross,f2y09>f2y10,9.30232558139535,9.30232558139535,0.0,0.25742574257425743,-17.875,43
f2y10,default_samples,within,f2y10,47.66780432309442,1.9340159271899888,45.73378839590443,0.009900990099009901,0.25,879
f2y10,default_samples,cross,f2y10>f1o01,0.4550625711035267,1.4846416382252556,-1.0295790671217289,0.7029702970297029,-1.375,879
f2y10,published,within,f2y10,65.29680365296804,2.28310502283105,63.013698630136986,0.009900990099009901,0.25,219
f2y10,published,cross,f2y10>f1o01,2.28310502283105,2.3515981735159777,-0.06849315068492778,0.10891089108910891,21.0,219
f2y10,win_only,within,f2y10,67.44186046511628,0.0,67.44186046511628,0.009900990099009901,0.25,43
f2y10,win_only,cross,f2y10>f1o01,0.0,0.0,0.0,1.0,,43
f2y10,tol_only,within,f2y10,71.23287671232876,11.87214611872146,59.3607305936073,0.009900990099009901,0.25,219
f2y10,tol_only,cross,f2y10>f1o01,2.28310502283105,11.894977168949769,-9.611872146118719,0.900990099009901,21.0,219
f2y10,v2_calibrated,within,f2y10,76.74418604651163,11.627906976744185,65.11627906976744,0.009900990099009901,0.25,43
f2y10,v2_calibrated,cross,f2y10>f1o01,0.0,11.627906976744185,-11.627906976744185,1.0,,43
f2y10,v2_cal_lag3,within,f2y10,76.74418604651163,20.930232558139537,55.81395348837209,0.009900990099009901,0.25,43
f2y10,v2_cal_lag3,cross,f2y10>f1o01,0.0,20.930232558139537,-20.930232558139537,1.0,,43
