subject,rule,W,LS,DS,REM
SC4001,own_60s,19.76010101010101,23.41687552213868,10.229276895943562,10.681605975723622
SC4001,within_300s,20.087145969498913,23.49056603773585,9.077441077441078,9.54895489548955
SC4011,own_60s,30.907668231611893,39.37106918238994,16.263736263736263,11.083676268861455
SC4011,within_300s,32.78787878787879,40.33904551317487,16.0337552742616,10.459259259259259
SC4021,own_60s,25.91970121381886,39.88642816581488,17.311827956989248,23.70870870870871
SC4021,within_300s,27.0230607966457,39.91017379418083,12.340425531914894,21.09259259259259
SC4031,own_60s,20.246913580246915,18.448389217619987,8.76876876876877,8.632049134561697
SC4031,within_300s,20.16460905349794,18.288166214995485,6.984126984126984,7.833026396562309
SC4041,own_60s,23.712418300653592,30.204325130499626,23.625730994152047,13.979328165374676
SC4041,within_300s,23.89348025711662,30.877028714107368,23.333333333333332,14.35244161358811
SC4051,own_60s,26.689342403628117,33.44598054275473,12.38095238095238,26.769230769230774
SC4051,within_300s,27.001862197392924,34.39716312056738,11.661166116611662,25.185185185185183
SC4061,own_60s,19.104220499569337,41.833333333333336,11.513560804899386,13.741496598639456
SC4061,within_300s,18.30188679245283,42.57281553398058,10.02020202020202,12.626262626262625
SC4071,own_60s,29.11297852474323,36.64994026284349,12.814814814814813,25.25252525252525
SC4071,within_300s,29.832285115303982,36.57541599570585,11.683501683501683,24.19753086419753
SC4081,own_60s,14.423213021939137,32.5692007797271,20.042598509052183,24.65441819772528
SC4081,within_300s,14.674463937621832,34.48969331322273,19.403219473890854,23.736479842674534
SC4091,own_60s,24.86697965571205,46.98958997238156,29.049919484702095,27.452196382428937
SC4091,within_300s,24.82342807924203,48.224611708482676,26.324786324786324,26.042446941323345
SC4101,own_60s,33.83766745468873,22.904784167056256,,13.344280240831965
SC4101,within_300s,35.25252525252525,22.756195043964826,,12.739965095986038
SC4111,own_60s,28.666666666666668,17.06108706108706,9.399744572158365,6.75438596491228
SC4111,within_300s,28.374485596707817,17.555037555037554,8.950617283950617,5.868055555555555
SC4121,own_60s,21.670205237084215,33.09722222222222,8.7953216374269,19.724444444444444
SC4121,within_300s,21.174345076784103,32.892985151049665,6.666666666666667,18.723196881091617
SC4131,own_60s,33.23529411764706,40.008596604341285,8.921330089213301,15.194444444444445
SC4131,within_300s,34.17190775681342,40.87656953328595,8.73140857392826,14.412698412698413
SC4141,own_60s,31.723220226214238,42.398239823982394,15.185185185185187,12.782694198623403
SC4141,within_300s,33.24444444444445,42.6775956284153,14.215167548500881,12.485788113695092
SC4151,own_60s,22.804878048780488,31.420765027322407,12.690426275331937,17.178649237472765
SC4151,within_300s,23.746031746031747,32.17804960924227,12.253086419753087,16.465721040189127
SC4161,own_60s,30.27086788280818,34.824561403508774,15.396825396825397,16.181657848324512
SC4161,within_300s,32.12360289283366,36.369636963696365,13.618233618233619,15.68338249754179
SC4171,own_60s,24.84848484848485,20.128495842781557,10.74074074074074,10.520282186948853
SC4171,within_300s,25.59322033898305,20.421940928270043,8.710462287104622,10.40650406504065
SC4181,own_60s,32.25694444444444,30.370370370370374,12.267389340560072,11.598440545808966
SC4181,within_300s,33.270440251572325,32.21857923497267,10.198604401502951,11.043771043771043
SC4191,own_60s,36.07451763140386,31.69977924944812,10.584192439862543,16.948590381426204
SC4191,within_300s,37.00918964076858,31.9411610191752,9.527186761229315,16.72566371681416
