variant,test,n,detect,n_sig,wrong_dir,lag_s_median,lag_s_q25,lag_s_q75,window_s_med,max_lag_s_med,tolerance_s_med,n_windows_med,calibration_failed
default_samples,speed_hr,197,0.03553299492385787,8,0.125,3.0,1.5,14.0,120.0,60.0,2.0,17.0,0
default_samples,speed_vo2,197,0.030456852791878174,6,0.0,11.0,8.0,15.5,120.0,60.0,2.0,17.0,0
published,speed_hr,197,0.025380710659898477,16,0.6875,9.0,8.0,12.0,60.0,30.0,2.0,35.0,0
published,speed_vo2,197,0.030456852791878174,15,0.6,8.0,6.5,11.0,60.0,30.0,2.0,35.0,0
win_only,speed_hr,197,0.015228426395939087,3,0.0,14.0,7.5,16.0,240.0,118.0,2.0,8.0,0
win_only,speed_vo2,197,0.0,0,,,,,240.0,118.0,2.0,8.0,0
tol_only,speed_hr,197,0.025380710659898477,15,0.6666666666666666,9.0,8.0,12.0,60.0,30.0,2.0,35.0,0
tol_only,speed_vo2,197,0.030456852791878174,14,0.5714285714285714,8.0,6.5,11.0,60.0,30.0,2.0,35.0,0
v2_calibrated,speed_hr,197,0.05583756345177665,13,0.15384615384615385,14.0,4.5,21.0,240.0,118.0,16.0,8.0,0
v2_calibrated,speed_vo2,197,0.025380710659898477,9,0.4444444444444444,24.0,8.0,26.0,240.0,118.0,16.0,8.0,0
v2_cal_lag3,speed_hr,197,0.06598984771573604,18,0.2777777777777778,20.0,14.0,34.0,240.0,80.0,10.0,8.0,0
v2_cal_lag3,speed_vo2,197,0.030456852791878174,10,0.4,32.5,30.0,46.25,240.0,80.0,10.0,8.0,0
