stage,link_idx,col,mean_ours,mean_stored,p95_ours,p95_stored,ks
DS,0,0,2.7274453430191232,2.4216955202393855,9.64049747376603,9.376838235294116,0.013
DS,1,1,3.1567549490360904,3.090965872971067,11.776470588235282,12.5,0.0265
DS,2,2,2.5441542416991902,2.6039624090995437,9.523809523809524,9.411764705882353,0.013
DS,3,3,2.1242887205992322,2.715274473958888,8.080808080808081,9.452568428946378,0.0245
DS,4,4,2.7932449989957306,2.843638333977349,9.782608695652174,9.900654900654892,0.0165
DS,5,5,2.5155119454471717,2.537841635384422,9.30232558139535,9.523809523809524,0.012
DS,6,6,2.39280433467118,2.531575385692404,8.606825619448337,9.376838235294116,0.0215
DS,7,7,2.358396930586024,2.4145948164569564,9.18960607498813,9.090909090909092,0.0315
DS,8,8,2.205362458447099,2.2134752360314116,8.235294117647058,8.700430004777827,0.0185
DS,9,9,2.0558749352424828,2.5065599639482463,8.080808080808081,8.740531313346844,0.0315
DS,10,10,2.4306163005136643,2.27930852561533,9.090909090909092,9.183673469387756,0.014
DS,11,11,2.3102837582428206,2.402576989941963,8.695652173913043,9.523809523809524,0.012
DS,12,12,2.357838838256515,2.5927479085034792,9.411764705882353,9.523809523809524,0.0175
DS,13,13,2.5208928079085027,2.51414962449015,9.523809523809524,9.199549709681238,0.0155
DS,14,14,2.4401122553192582,2.443881088902616,8.697377501725326,8.476379372520732,0.016
DS,15,15,2.360310483816609,2.037351465617081,8.700430004777827,8.235900545785324,0.014
DS,16,16,2.3976829778040996,2.2767652494700092,8.791208791208792,9.095547309833021,0.02
DS,17,17,3.0990065798624356,2.8673518341004103,11.629844961240307,11.11111111111111,0.0385
DS,18,18,2.9115693380892615,2.5619318729808676,11.11111111111111,9.452568428946378,0.023
DS,19,19,3.275994060643193,3.1838761928776877,12.10256410256409,11.634746922024616,0.0295
DS,20,20,2.954505662078397,3.022278268113255,9.785281539558087,10.588235294117647,0.02
DS,21,21,2.6683463590728898,2.7418495849279734,9.67741935483871,10.471272229822157,0.019
DS,22,22,2.6711784267678795,2.611408800176217,9.523809523809524,9.682678821879378,0.0115
DS,23,23,2.5755356118515276,2.413033594581116,9.523809523809524,9.417366946778706,0.0155
DS,24,24,3.033018890027464,2.6829467090862313,10.716205837173577,9.67741935483871,0.0225
DS,25,25,2.684393501994634,2.6017883199977745,9.67741935483871,9.30232558139535,0.028
DS,26,26,2.7100686994531005,2.528643975646867,9.417366946778706,9.523809523809524,0.0215
DS,27,27,2.3729781901854685,2.745700062311054,9.523809523809524,11.005555555555551,0.0205
DS,28,28,2.4885211612136753,2.3391798161765442,9.376838235294116,8.572964669738862,0.0155
DS,29,29,2.4881350618583107,2.672509653551916,9.577672391694435,9.094696969696967,0.0225
DS,30,30,3.031729427867308,2.94892069751493,10.465116279069768,10.003875968992245,0.03
DS,31,31,2.421979851672705,2.7177244226083466,9.40221216691805,9.64049747376603,0.0225
DS,32,32,2.3740376905149425,2.351778570953951,9.523809523809524,9.523809523809524,0.0135
DS,33,33,2.1781083354536332,2.2192586208039318,9.30232558139535,8.51367781155015,0.0145
DS,34,34,2.409059232074155,2.237323402719201,9.523809523809524,8.442155719652797,0.022
LS,0,35,2.3875718529423686,2.348723380140881,4.799593994901331,4.677618608163094,0.0255
LS,1,36,2.7707608229377696,2.683374112186242,5.303503787878787,5.288228811551811,0.037
LS,2,37,2.7052714382962266,2.6857062144375967,5.460181241389768,5.3608569448763905,0.022
LS,3,38,2.206830778431554,2.159986823261969,4.441211502467246,4.302021505376344,0.021
LS,4,39,2.336616999813504,2.3315281042913476,4.611884939694737,4.647435897435898,0.0205
LS,5,40,2.442975448391159,2.432636836166791,4.854456240832576,4.747815924274324,0.021
LS,6,41,2.410429229839957,2.4538770647496166,4.8077720372496495,4.777988919155507,0.022
LS,7,42,2.3694589294866755,2.358606009299595,4.6517652729244485,4.7698550930098325,0.0285
LS,8,43,2.3638960052982285,2.4125025900683514,4.753846940340473,4.817375815554578,0.0405
LS,9,44,2.33238466029324,2.350031632963237,4.667873997012518,4.5919539331812365,0.022
LS,10,45,2.450322019186292,2.4231066353538098,4.906926406926407,4.737732656514383,0.02
LS,11,46,2.170050569859507,2.1589878999460033,4.301253293455814,4.38219004027649,0.028
LS,12,47,2.2978760806610055,2.28753045409418,4.5662100456621,4.4522777566513785,0.025
LS,13,48,2.2754620398598298,2.258961436099414,4.523462683256926,4.517407911833309,0.0175
LS,14,49,2.254940883337795,2.246152898992817,4.401049072204365,4.458546748196783,0.018
LS,15,50,2.190309693056456,2.2349458614429323,4.521861222274978,4.538599371251381,0.036
LS,16,51,2.227163823016511,2.276335561777809,4.381143615061528,4.54579942060974,0.0305
LS,17,52,2.775660300992573,2.783853408473427,5.351703493130034,5.361540932342642,0.0135
LS,18,53,2.351823581544947,2.3444760245266028,4.4688728928546775,4.50958509257308,0.0245
LS,19,54,2.5566271828483442,2.5757461138483193,4.857687076973162,4.958864102404773,0.0225
LS,20,55,2.531899838655877,2.5041015071120745,5.015246751458278,4.96152266543457,0.0265
LS,21,56,2.5046871803356163,2.4661513563064017,4.809698466305941,4.82293959403277,0.0285
LS,22,57,2.444222601529393,2.437502789701136,4.748480994771795,4.812070282658518,0.0205
LS,23,58,2.44109179930899,2.4415070195747086,4.762271062271062,4.7944894737540285,0.0175
LS,24,59,2.4880693165796792,2.4492522516393755,4.718484395414932,4.723191156480033,0.0295
LS,25,60,2.6303053495278466,2.692592800117003,4.895848832019044,5.120045519203414,0.0325
LS,26,61,2.6722873893262684,2.6759672113728175,5.223136003781165,5.205531149000406,0.0265
LS,27,62,2.5858777966989863,2.604210267648331,5.000379362670713,4.984447205202774,0.0205
LS,28,63,2.544408837554345,2.566700080291058,4.975922953451043,4.901960784313726,0.0265
LS,29,64,2.607580063145189,2.6259620966537516,5.04710780262872,5.073935520744031,0.0175
LS,30,65,2.5008038394833085,2.50676992170683,4.882070084750857,4.622585213356253,0.0265
LS,31,66,2.383536968663089,2.395427706018404,4.675227749729125,4.558497359800292,0.016
LS,32,67,2.2639672672750004,2.324071447995579,4.430467407693117,4.610534738411976,0.0485
LS,33,68,2.274827690996784,2.3172718483692942,4.355120030007502,4.5677412409635565,0.0285
LS,34,69,2.3356143093323447,2.3012865724560236,4.51027337914878,4.448630101050378,0.023
REM,0,70,2.2871060287280627,2.2630666430721296,7.695623342175064,7.778499278499278,0.012
REM,1,71,2.4214555910087983,2.3573598532697644,8.333333333333332,7.768251166309417,0.018
REM,2,72,2.2775149275622697,2.360526228952408,7.793901750423488,8.0,0.0205
REM,3,73,1.9927940904108523,1.9733616695682847,7.207207207207207,7.142857142857142,0.0155
REM,4,74,2.219368843522688,2.224216696184403,7.6960418222554114,7.964601769911504,0.0115
REM,5,75,2.26403692583457,2.1600178682065487,7.792207792207792,7.75903916973552,0.0365
REM,6,76,2.254687398118104,2.298966964277287,7.768251166309417,8.035714285714286,0.0125
REM,7,77,2.3783042320630337,2.2982996170823746,8.035714285714286,7.898230088495572,0.026
REM,8,78,2.277304107979398,2.2817428853300386,7.894736842105263,7.966371681415928,0.022
REM,9,79,2.2174843085538285,2.324801992959949,7.767529665587917,8.035714285714286,0.0255
REM,10,80,2.2622710655236187,2.2700983840331603,7.896039603960395,7.964601769911504,0.013
REM,11,81,2.1073047027861094,2.084201199306483,7.4093774625689495,7.377049180327869,0.0145
REM,12,82,2.0899655151264542,2.0156487694593093,7.258797653958944,7.4074074074074066,0.0285
REM,13,83,2.1823460721667596,2.1525472727280857,7.317073170731707,7.792207792207792,0.021
REM,14,84,2.0808161074656346,2.133756748397645,7.6923076923076925,7.695289206917112,0.0185
REM,15,85,2.18093363358411,2.1025207403789,8.001785714285713,7.59493670886076,0.0215
REM,16,86,2.035422429854706,2.108612503985296,7.318191989259341,7.273674242424241,0.026
REM,17,87,2.4297118046765385,2.5414534066210237,8.24742268041237,8.333333333333332,0.0205
REM,18,88,2.3055132714843305,2.2632307424871607,8.16326530612245,8.037154377880183,0.018
REM,19,89,2.427906916982163,2.445675319595157,7.964601769911504,7.967831535430525,0.0175
REM,20,90,2.4061726410865667,2.482628819328069,8.108108108108109,8.333333333333332,0.019
REM,21,91,2.5061296785410954,2.439403096668727,8.42168674698795,8.333333333333332,0.0275
REM,22,92,2.4569504750529574,2.488935500537725,8.24742268041237,7.96815739570164,0.021
REM,23,93,2.2619379073709505,2.3006928216281883,8.16326530612245,8.06669572798605,0.0215
REM,24,94,2.427242442656625,2.3086632665823816,8.511935651271404,7.964601769911504,0.031
REM,25,95,2.343061725061948,2.393042100156644,8.24742268041237,8.247895583088999,0.0185
REM,26,96,2.4184991586525064,2.4399381510412765,8.035714285714286,8.035714285714286,0.0255
REM,27,97,2.5282104853880494,2.486243891596124,8.823529411764707,8.16326530612245,0.017
REM,28,98,2.533432200386198,2.456842736567414,8.411214953271028,8.333333333333332,0.019
REM,29,99,2.323390192569744,2.3238969029002514,7.964601769911504,7.826939471440751,0.012
REM,30,100,2.2241428469225775,2.3162841270966736,7.894736842105263,8.035714285714286,0.0225
REM,31,101,2.2566514973761995,2.1375624910096462,8.181818181818182,7.627442101177384,0.0225
REM,32,102,2.1529280478975217,2.041575698161296,7.480162228883791,7.377049180327869,0.043
REM,33,103,2.1352197333335488,2.2421393226930078,7.6923076923076925,7.964601769911504,0.029
REM,34,104,2.1775282352384466,2.2614835360810273,7.476635514018691,7.922479747974796,0.0205
awake,0,105,2.2923068456124427,2.6240073467897354,17.647058823529413,20.0,0.019
awake,1,106,2.9170751341054375,2.926556104975417,21.052631578947366,19.269230769230738,0.0095
awake,2,107,2.8437594481533033,2.3359285621749115,21.052631578947366,17.647058823529413,0.0175
awake,3,108,2.5677753239826506,2.4350935302607883,17.647058823529413,18.181818181818183,0.0125
awake,4,109,2.595865142453881,2.48789172752851,17.673796791443827,17.647058823529413,0.0085
awake,5,110,2.384103964574352,2.3114372552608082,16.695402298850546,17.647058823529413,0.0085
awake,6,111,2.5011639273687107,3.0986016688566886,19.23697270471464,21.086956521739097,0.0275
awake,7,112,2.5687982440958947,2.774891855509938,18.76488095238094,21.052631578947366,0.01
awake,8,113,2.7467038670258,2.59558186698835,20.707803992740455,17.26166328600404,0.0145
awake,9,114,2.6641054926355108,3.017953561195655,19.047619047619047,22.22222222222222,0.021
awake,10,115,2.3983849295336905,2.5322508465712907,19.047619047619047,19.047619047619047,0.0135
awake,11,116,1.945562034816711,2.326661138698014,16.666666666666664,18.21022727272725,0.0145
awake,12,117,2.2194263674053456,2.2846345577679132,16.666666666666664,16.666666666666664,0.0085
awake,13,118,2.5950196519648365,2.421201285944887,21.76328502415457,19.047619047619047,0.014
awake,14,119,2.7492956582201264,2.606731767193081,20.0,20.0,0.005
awake,15,120,2.5214842462356217,2.4555910704878787,20.0,18.181818181818183,0.0045
awake,16,121,2.4200664745541784,2.243349762199897,20.05263157894732,17.40409207161124,0.0115
awake,17,122,2.5069638239848135,2.5519993174134927,20.0,21.052631578947366,0.0075
awake,18,123,2.5913239461996027,2.402864542419823,18.76488095238094,17.673796791443827,0.0095
awake,19,124,2.2604352078804553,2.6161252992513795,17.647058823529413,21.052631578947366,0.0135
awake,20,125,2.7118027717556434,2.5135970898418654,20.0,17.647058823529413,0.0125
awake,21,126,2.6303221374443684,2.624482905788421,18.181818181818183,19.095238095238052,0.014
awake,22,127,2.7740092098704117,2.6206961123465105,21.052631578947366,18.181818181818183,0.0095
awake,23,128,3.0375432781348097,2.52310266009042,21.052631578947366,18.76488095238094,0.021
awake,24,129,2.2901683757983053,2.3902492669435365,16.666666666666664,18.225108225108187,0.007
awake,25,130,1.9980458821218032,2.226199069841117,16.666666666666664,16.695402298850546,0.0135
awake,26,131,2.492226065518549,2.489355666987285,19.047619047619047,19.047619047619047,0.0055
awake,27,132,2.464983652790133,2.456670310139104,19.047619047619047,19.269230769230738,0.0085
awake,28,133,2.3204377661665676,2.241773318710665,17.26166328600404,16.666666666666664,0.0085
awake,29,134,2.4040206158838293,2.3290112782585073,17.647058823529413,18.76488095238094,0.0145
awake,30,135,2.000227457675434,2.328479355204209,17.248875562218885,18.181818181818183,0.012
awake,31,136,2.6443709974966456,2.0203547678305775,21.052631578947366,16.666666666666664,0.021
awake,32,137,2.1435917404257085,2.474434737432236,17.673796791443827,20.0,0.0105
awake,33,138,2.3223786313315493,2.3500109761022423,16.7028985507246,17.647058823529413,0.008
awake,34,139,2.2978275208362753,2.432331123790314,18.76488095238094,18.77403846153844,0.0065
