measure,variant,rule,hyp,contrast,n,mean_diff,sd,dz,mean_ci_lo,mean_ci_hi,dz_ci_lo,dz_ci_hi,wilcoxon_p,p_holm
excess,published,strict,H1,LS>DS,34,5.746118660857283,2.949318780883426,1.9482867359411435,4.775676048358803,6.759371826362094,1.5949637309075706,2.5610522985337907,1.1641532182693481e-10,4.656612873077393e-10
excess,published,strict,H2,awake>DS,29,4.026483105592506,3.479096630171654,1.1573358068510573,2.8159348652966636,5.313875598916339,0.8539467750640222,1.6264286210913246,5.103647708892822e-07,1.0207295417785645e-06
excess,published,strict,H3,LS>REM,35,4.500912041165192,3.205910204316625,1.4039420178097628,3.453583109660184,5.559037432564647,1.0851127186133491,1.9028478582358461,1.4551915228366852e-09,4.3655745685100555e-09
excess,published,strict,H4,awake>REM,30,2.5163399112664826,3.379366784794694,0.7446187618901383,1.3081339962047065,3.722869871514111,0.3820142174824707,1.2511320422335364,0.00031275488436222076,0.00031275488436222076
excess,published,p80,H1,LS>DS,34,5.277621896307232,2.8202287426085553,1.8713453332958108,4.35379467168987,6.230827760786962,1.5310805895219357,2.4490238924038725,1.1641532182693481e-10,4.656612873077393e-10
excess,published,p80,H2,awake>DS,33,3.8550637517139568,3.0022139909587775,1.2840736081183926,2.874999042435709,4.8974107074669915,0.9862015137457155,1.7450567439072995,1.280568540096283e-08,2.561137080192566e-08
excess,published,p80,H3,LS>REM,35,4.2312777970422175,3.1280422965844035,1.352692002170964,3.2207307251332917,5.277628362546089,1.0185973514337987,1.8732744701272108,4.0745362639427185e-09,1.2223608791828156e-08
excess,published,p80,H4,awake>REM,34,2.7651928394824083,2.5142939946800396,1.0997889846347493,1.9539636722652791,3.6180304044493363,0.8007306422733913,1.540025002515491,3.2188836485147476e-07,3.2188836485147476e-07
excess,win_only,strict,H1,LS>DS,30,8.801991893910566,5.876050366710736,1.4979435751225016,6.74486412141972,10.895879407382061,1.1531468120905874,2.033504720762717,1.862645149230957e-08,7.450580596923828e-08
excess,win_only,strict,H2,awake>DS,6,7.065063111491683,7.496502369777873,0.9424479261121111,1.809683702540844,12.47370670995668,0.3549469505580824,2.5739972308972363,0.09375,0.109375
excess,win_only,strict,H3,LS>REM,30,8.649189511068382,7.555481665781926,1.1447568657653895,5.912035197036975,11.221959186304622,0.682711212984993,2.1181216248618537,9.220093488693237e-06,2.7660280466079712e-05
excess,win_only,strict,H4,awake>REM,9,5.706398057798618,7.265174677579804,0.7854454037297215,1.393667666496798,10.287884857646759,0.26127731852863034,1.6993291935355843,0.0546875,0.109375
excess,win_only,p80,H1,LS>DS,34,6.733972833553838,5.234418517106531,1.2864796369542548,5.033531934008781,8.442104269927679,0.9868162328778183,1.7291788263902899,1.594889909029007e-08,6.379559636116028e-08
excess,win_only,p80,H2,awake>DS,20,3.153523842205897,8.063541610910434,0.39108421514672886,-0.04106584103680918,6.797281962585295,-0.006014081645418992,0.783072631273031,0.24548721313476562,0.24548721313476562
excess,win_only,p80,H3,LS>REM,35,6.8860732651296175,6.098618108949646,1.1291202600511074,4.885338424672581,8.881001158996588,0.7245829227456202,1.8460496003444968,6.601330824196339e-07,1.9803992472589016e-06
excess,win_only,p80,H4,awake>REM,21,2.9151310276936733,5.240577177528417,0.5562614439099854,0.7393587353278913,5.0972520456342885,0.15368666317329413,1.0575308321526096,0.017546653747558594,0.03509330749511719
excess,tol_only,strict,H1,LS>DS,34,7.159330459121449,3.4097744285149405,2.099649290360698,6.040941780552644,8.27948621299762,1.6716070647692987,2.84171352486736,2.3283064365386963e-10,9.313225746154785e-10
excess,tol_only,strict,H2,awake>DS,29,6.898828734481982,4.122778958711846,1.6733443154656797,5.44872290814833,8.367384298492228,1.2801825252055323,2.3451243095684706,1.862645149230957e-08,4.417961463332176e-08
excess,tol_only,strict,H3,LS>REM,35,4.923587435197228,3.723913347826733,1.322154136070492,3.716250722384717,6.137052377668813,0.9774663637121055,1.8488210387280912,1.4726538211107254e-08,4.417961463332176e-08
excess,tol_only,strict,H4,awake>REM,30,4.316804415613749,3.6500270065413725,1.1826773905720191,3.024237726016753,5.576446327560758,0.8167682487445804,1.777544522607041,1.991167664527893e-06,1.991167664527893e-06
excess,tol_only,p80,H1,LS>DS,34,6.606369827411016,3.2297311273089946,2.0454860070396728,5.539059087279428,7.690557018261822,1.6457180369069189,2.7439808921861353,1.1641532182693481e-10,4.656612873077393e-10
excess,tol_only,p80,H2,awake>DS,33,6.432221925684993,3.4180719373347417,1.8818275459411629,5.297302769776591,7.607172578956736,1.5351960760738996,2.453886763257615,2.3283064365386963e-10,6.984919309616089e-10
excess,tol_only,p80,H3,LS>REM,35,4.677091223447424,3.6787292478974556,1.2713877288252657,3.4978003337469112,5.896450416527964,0.9145234536093102,1.796513268720112,3.725290298461914e-08,3.725290298461914e-08
excess,tol_only,p80,H4,awake>REM,34,4.456876136417392,2.7578707115677337,1.6160569520983257,3.533692914762439,5.354073900912062,1.2279909169942744,2.2709945632240807,3.841705620288849e-09,7.683411240577698e-09
excess,v2_calibrated,strict,H1,LS>DS,30,17.665535194200768,9.367848814102892,1.885762200560503,14.40733306688003,21.00731997299446,1.549840641086599,2.445509739670491,1.862645149230957e-09,7.450580596923828e-09
excess,v2_calibrated,strict,H2,awake>DS,6,25.35401384329956,10.608330566784849,2.3900097836962297,17.881173324030467,32.791065416065415,1.974771429930331,5.999766261812583,0.03125,0.03125
excess,v2_calibrated,strict,H3,LS>REM,30,11.457927570761843,9.847825436721283,1.1634982407422347,7.919844960630884,14.853062396882114,0.7499865629619958,1.8361313184179708,1.4193356037139893e-06,4.258006811141968e-06
excess,v2_calibrated,strict,H4,awake>REM,9,17.536593839815126,13.480000305029721,1.3009342316759287,8.9846777742436,25.549750954512856,0.7232021440718118,2.996454010809457,0.01171875,0.0234375
excess,v2_calibrated,p80,H1,LS>DS,34,13.972858653918141,8.404692975161968,1.6625067322758293,11.2022814332473,16.782123303622292,1.3206474203056302,2.237278023847588,1.1641532182693481e-10,4.656612873077393e-10
excess,v2_calibrated,p80,H2,awake>DS,20,12.461691336548286,10.707726549019284,1.1638036589279213,7.986260825013782,16.980298025073854,0.7376801018654637,1.8440364542047776,0.0001049041748046875,0.000209808349609375
excess,v2_calibrated,p80,H3,LS>REM,35,9.543716446521959,8.215155889739128,1.161720675129516,6.802076251715558,12.150964328750781,0.7842026000386035,1.7499574818973735,2.508750185370445e-07,7.526250556111336e-07
excess,v2_calibrated,p80,H4,awake>REM,21,9.22257846005248,10.582457879828759,0.8714968266145101,4.8275524797673555,13.650388009040935,0.4806450837124951,1.4563241175480732,0.0008516311645507812,0.0008516311645507812
excess,v2_cal_lag3,strict,H1,LS>DS,30,17.806536807016194,9.33798203939833,1.9068934521278555,14.539645340398295,21.045579149548928,1.5721380750512735,2.4858510300488406,1.862645149230957e-09,7.450580596923828e-09
excess,v2_cal_lag3,strict,H2,awake>DS,6,24.809123151980298,13.707515861580298,1.8098919893659076,15.607853257853257,34.99130763416478,1.4372142839308113,6.495045223138092,0.03125,0.0546875
excess,v2_cal_lag3,strict,H3,LS>REM,30,9.148286013000552,11.264979573693646,0.8120996539011871,5.126345983649758,12.958922366579571,0.4049981868366495,1.505850813004488,0.0002562887966632843,0.0007688663899898529
excess,v2_cal_lag3,strict,H4,awake>REM,9,13.67165270666671,14.24147675493701,0.9599884156625288,4.973154204701821,22.65520782387029,0.480708976489533,1.9576174595496885,0.02734375,0.0546875
excess,v2_cal_lag3,p80,H1,LS>DS,34,14.25987347141538,8.191332565324437,1.740849044730561,11.600406560224782,17.029110577251654,1.4109006036662275,2.2925089530000635,1.1641532182693481e-10,4.656612873077393e-10
excess,v2_cal_lag3,p80,H2,awake>DS,20,13.444728128600113,11.435440337408945,1.1757070765887476,8.565035930012808,18.19509062747384,0.7221319813961256,1.9822966024453799,0.000133514404296875,0.00026702880859375
excess,v2_cal_lag3,p80,H3,LS>REM,35,7.7824754262396825,8.690915751152891,0.895472427656119,4.9122728152783335,10.574484731647155,0.5130487117463421,1.51401710835905,2.156151458621025e-05,6.468454375863075e-05
excess,v2_cal_lag3,p80,H4,awake>REM,21,7.652116069625157,11.320461536455587,0.6759544250897228,2.9366077820689855,12.408116039585536,0.2840741514149704,1.2290023236963126,0.011346817016601562,0.011346817016601562
excess,v2_cap120,strict,H1,LS>DS,34,11.698197391417628,5.348295414818828,2.18727584848899,9.911648015697029,13.406666762849099,1.577156900200405,3.1791005110657506,2.3283064365386963e-10,9.313225746154785e-10
excess,v2_cap120,strict,H2,awake>DS,22,11.051704066480132,7.975280203300346,1.3857449249126939,7.8763850912080065,14.453297016670051,1.0375662219663007,2.022626926899652,2.384185791015625e-06,6.121932528913021e-06
excess,v2_cap120,strict,H3,LS>REM,35,6.970090047604706,6.711894294680333,1.038468387848273,4.7622390870498155,9.15067159899814,0.6305804817436828,1.6796449584815563,2.0406441763043404e-06,6.121932528913021e-06
excess,v2_cap120,strict,H4,awake>REM,23,7.022276743898354,8.704489682428832,0.8067419228577813,3.6723325228492407,10.525268966747047,0.5096305090721834,1.2143807858547546,0.00047516822814941406,0.00047516822814941406
excess,v2_cap120,p80,H1,LS>DS,34,10.565369657400279,4.985053241866909,2.119409591991345,8.900110847184141,12.183232988066482,1.6348240476319806,2.972878137368474,2.3283064365386963e-10,9.313225746154785e-10
excess,v2_cap120,p80,H2,awake>DS,29,9.568900413522998,5.9904853571188035,1.5973497710251106,7.444086954019583,11.708687320253514,1.2601356770158818,2.1419897736180604,1.1175870895385742e-08,3.3527612686157227e-08
excess,v2_cap120,p80,H3,LS>REM,35,6.6943597580746355,6.114104829460022,1.0949043146625048,4.6176850600634936,8.578663826252711,0.6555625758513807,1.7558576000844877,5.051842890679836e-07,1.0103685781359673e-06
excess,v2_cap120,p80,H4,awake>REM,30,5.401615999860612,7.039448705986414,0.7673350890769366,2.995892050498854,7.9011760290397755,0.464437085659069,1.1768599224799146,0.00031275488436222076,0.00031275488436222076
excess,v2_cap600,strict,H1,LS>DS,2,,,,,,,,,
excess,v2_cap600,strict,H2,awake>DS,0,,,,,,,,,
excess,v2_cap600,strict,H3,LS>REM,9,17.901614383126983,18.18071315786993,0.9846486343896728,7.355096321356823,29.314265989223966,0.5558290747517438,1.821221813337013,0.01171875,0.01171875
excess,v2_cap600,strict,H4,awake>REM,1,,,,,,,,,
excess,v2_cap600,p80,H1,LS>DS,32,13.440019387237287,9.65654234144545,1.3918045312713354,10.284142263347782,16.82798982393789,1.1393179356932122,1.8208431821173134,4.656612873077393e-10,1.862645149230957e-09
excess,v2_cap600,p80,H2,awake>DS,7,13.107739199575933,18.388589120725662,0.7128191898530314,-0.13137202933121575,25.320779220779226,-0.0059148712876708415,2.4791559463609887,0.078125,0.1484375
excess,v2_cap600,p80,H3,LS>REM,35,12.685780290057913,9.02926025883749,1.4049634107779274,9.796912880591353,15.624914883167593,1.102618420542257,1.8711366276901091,1.4551915228366852e-09,4.3655745685100555e-09
excess,v2_cap600,p80,H4,awake>REM,9,13.348736666383722,18.598101463208742,0.7177472761287246,1.2862105178771848,23.967016005055214,0.05900948869769783,2.8168709752428502,0.07421875,0.1484375
excess_all45,published,strict,H1,LS>DS,34,6.401781870295364,4.739865350025509,1.3506252599055184,4.8463199924866105,7.971309952649576,1.0044292768006562,1.9015767342973036,1.594889909029007e-08,4.784669727087021e-08
excess_all45,published,strict,H2,awake>DS,29,2.5004717140747856,6.131109630888651,0.4078334697323564,0.33490294315198943,4.6922775452277765,0.055033157689835695,0.8251186670698661,0.04312055930495262,0.04312055930495262
excess_all45,published,strict,H3,LS>REM,35,8.948614049437763,4.514244248069559,1.9823061309242378,7.477088660310564,10.40628710231323,1.602403007284552,2.6266140300015923,5.820766091346741e-11,2.3283064365386963e-10
excess_all45,published,strict,H4,awake>REM,30,5.028705237849531,4.329434013319014,1.161515621298139,3.4639160072510666,6.500838185615868,0.7018709705307602,2.014771825078819,2.7623027563095093e-06,5.5246055126190186e-06
excess_all45,published,p80,H1,LS>DS,34,5.851350056487739,4.453439599132819,1.313894558629946,4.3699244801524895,7.327848764367373,0.9693693847731891,1.8258187371069958,2.4097971618175507e-08,4.819594323635101e-08
excess_all45,published,p80,H2,awake>DS,33,3.1330277440719576,5.458675739726762,0.5739538110444318,1.286668934078703,4.943042867206018,0.2426527843287023,0.9707719821165242,0.0033213288988918066,0.0033213288988918066
excess_all45,published,p80,H3,LS>REM,35,8.383511858319352,4.3402697235266485,1.9315647165603804,7.010973178539669,9.77679082561884,1.5665296430332485,2.5600695147634105,5.820766091346741e-11,2.3283064365386963e-10
excess_all45,published,p80,H4,awake>REM,34,5.695072004756305,3.366673687270855,1.691602018422205,4.572996403291358,6.814479218677008,1.2535043424576346,2.4223194388226204,1.6298145055770874e-09,4.889443516731262e-09
excess_all45,win_only,strict,H1,LS>DS,30,6.785790504202362,5.782396578651832,1.173525615530243,4.811348310642336,8.859431176900545,0.8610280529685483,1.632593534042851,6.910413503646851e-07,2.073124051094055e-06
excess_all45,win_only,strict,H2,awake>DS,6,3.4006337284115076,9.009677754631092,0.3774423260214315,-3.4449491866158546,9.548578376356154,-0.4617696799082919,2.4444997468045937,0.5625,0.5625
excess_all45,win_only,strict,H3,LS>REM,30,11.494678880276648,7.634095877034407,1.505702713906961,8.776738608529554,14.148932824710313,1.0212547445094748,2.3955618167936947,1.30385160446167e-07,5.21540641784668e-07
excess_all45,win_only,strict,H4,awake>REM,9,10.302572526319802,6.636391421420171,1.5524359357506186,6.234214910402274,14.307123260826963,0.9888075247465071,3.2314263576070066,0.0078125,0.015625
excess_all45,win_only,p80,H1,LS>DS,34,5.343693248436561,4.935390895248462,1.0827294862462042,3.736121716582181,7.002483559743245,0.7914886616137988,1.495769711098469,2.764863893389702e-07,8.294591680169106e-07
excess_all45,win_only,p80,H2,awake>DS,20,-0.9313526399791975,9.152487577641049,-0.10175950877600025,-4.679764188130217,3.2327395098056733,-0.6970912373859806,0.3283554399835767,0.47490501403808594,0.47490501403808594
excess_all45,win_only,p80,H3,LS>REM,35,9.01952333665339,6.17599174933218,1.4604169990396578,6.9558957545533175,11.039857875380592,1.0606792010369375,2.10528479659272,6.402842700481415e-09,2.561137080192566e-08
excess_all45,win_only,p80,H4,awake>REM,21,3.38851083190963,7.338093241732194,0.4617699339985158,0.28904645096966786,6.299513810086133,0.03308165248168579,1.2488360934600151,0.026330947875976562,0.052661895751953125
excess_all45,tol_only,strict,H1,LS>DS,34,7.342808018809563,4.762278671786424,1.541868614768638,5.776996438678599,8.901357139442387,1.184284249812864,2.1143872620621917,2.2118911147117615e-09,6.6356733441352844e-09
excess_all45,tol_only,strict,H2,awake>DS,29,4.686969362338919,6.4736609604581465,0.7240059976831438,2.3159717586008575,6.962211366628703,0.3530967319133097,1.2390697263880317,0.0006687678396701813,0.0006687678396701813
excess_all45,tol_only,strict,H3,LS>REM,35,9.112367849957062,4.849811612145619,1.8789117142481402,7.5199661145239824,10.72357808265643,1.4932407730333173,2.526995343003519,5.820766091346741e-11,2.3283064365386963e-10
excess_all45,tol_only,strict,H4,awake>REM,30,6.368715225922791,4.326681229369972,1.4719631256149113,4.8363092735774025,7.831183992142264,1.0188223960770808,2.252668695097543,8.009374141693115e-08,1.601874828338623e-07
excess_all45,tol_only,p80,H1,LS>DS,34,6.738451011283508,4.4738830022063025,1.5061750626827815,5.25280858943135,8.201428708150885,1.1456831478004676,2.0890803323646763,3.841705620288849e-09,7.683411240577698e-09
excess_all45,tol_only,p80,H2,awake>DS,33,5.140381526573862,5.632741238308313,0.9125896804231111,3.2624404267234817,7.084915676601451,0.579638740399707,1.3923243258358098,1.1448515579104424e-05,1.1448515579104424e-05
excess_all45,tol_only,p80,H3,LS>REM,35,8.591667163580203,4.706151784534392,1.8256247475516194,7.0306442476863795,10.135926089752234,1.4582802197001274,2.473935950820902,5.820766091346741e-11,2.3283064365386963e-10
excess_all45,tol_only,p80,H4,awake>REM,34,7.015317209724539,3.5070149212942625,2.0003670834498584,5.8257061041820055,8.142821779717524,1.5220745870901464,2.923356519242085,2.3283064365386963e-10,6.984919309616089e-10
excess_all45,v2_calibrated,strict,H1,LS>DS,30,13.849651777692339,7.711303482555716,1.7960195457256498,11.167345827395698,16.600385327413353,1.4369364473492936,2.423434826060482,1.862645149230957e-09,7.450580596923828e-09
excess_all45,v2_calibrated,strict,H2,awake>DS,6,18.115731182397848,10.939407275419018,1.656006648834084,9.51499858166525,25.791141574474906,0.9611040177146019,5.861287814660222,0.03125,0.03125
excess_all45,v2_calibrated,strict,H3,LS>REM,30,12.914285913450641,8.946547363097055,1.4434938294430557,9.798649465253934,15.98764112601283,1.0087119048235682,2.2142179856685513,6.146728992462158e-08,1.8440186977386475e-07
excess_all45,v2_calibrated,strict,H4,awake>REM,9,19.245983508946473,12.453085535389546,1.545479106704332,11.4883693604064,26.74024593376444,0.9982938550246648,3.333662428225848,0.00390625,0.0078125
excess_all45,v2_calibrated,p80,H1,LS>DS,34,11.050852160187436,6.854415437660092,1.6122238666000512,8.839124531101705,13.325339072109255,1.2474942188552658,2.177717940134978,5.820766091346741e-10,2.3283064365386963e-09
excess_all45,v2_calibrated,p80,H2,awake>DS,20,7.412743324253762,10.540894218572964,0.703236667643678,2.9551237203140808,11.891116865557025,0.30592160180343414,1.222295541705798,0.00830841064453125,0.00830841064453125
excess_all45,v2_calibrated,p80,H3,LS>REM,35,10.577394190637229,7.427874497257288,1.4240135848475748,8.166814340106255,12.97081856712714,1.0458068596704935,1.9974696675004602,5.122274160385132e-09,1.5366822481155396e-08
excess_all45,v2_calibrated,p80,H4,awake>REM,21,8.782928363047258,11.033638343108725,0.7960137979810448,4.257161893439098,13.349028548455676,0.38095228629326633,1.4253525351891736,0.0016002655029296875,0.003200531005859375
excess_all45,v2_cal_lag3,strict,H1,LS>DS,30,13.857680719302115,7.82213221558169,1.7715988860042036,11.108829047371579,16.541226538880768,1.4014704455461306,2.3912374176754323,1.862645149230957e-09,7.450580596923828e-09
excess_all45,v2_cal_lag3,strict,H2,awake>DS,6,17.40607520051964,12.383636627171631,1.4055705706293091,8.392836792836794,26.684472934472932,0.8931697767686227,3.2032187643673096,0.03125,0.03125
excess_all45,v2_cal_lag3,strict,H3,LS>REM,30,11.005802112279099,10.255514795403677,1.0731594007559413,7.308331382442377,14.502214435637137,0.6487843859003716,1.8025499550684478,7.994472980499268e-06,2.3983418941497803e-05
excess_all45,v2_cal_lag3,strict,H4,awake>REM,9,15.714082923451112,12.77275963264142,1.230280955361674,8.107367035449824,23.410856733639953,0.8306303541839717,2.2215492518575886,0.00390625,0.0078125
excess_all45,v2_cal_lag3,p80,H1,LS>DS,34,11.240671455602792,6.720260337732816,1.6726541667573265,8.993578118063896,13.473977767898202,1.3450885228721179,2.189999411594426,1.1641532182693481e-10,4.656612873077393e-10
excess_all45,v2_cal_lag3,p80,H2,awake>DS,20,7.8619379881064715,10.630727891310176,0.7395484174261499,3.30432351733723,12.436449791225627,0.3215444955996942,1.350822969172457,0.00485992431640625,0.0097198486328125
excess_all45,v2_cal_lag3,p80,H3,LS>REM,35,9.118840489343855,7.868375275568753,1.158922924997971,6.4860784882945355,11.619294088558162,0.7678413046882521,1.7698013839466733,1.8702121451497078e-07,5.610636435449123e-07
excess_all45,v2_cal_lag3,p80,H4,awake>REM,21,7.074531313245792,11.429684944851608,0.6189611828655388,2.244603424488366,11.911949906134744,0.2090125184816454,1.1728611119518384,0.01578044891357422,0.01578044891357422
excess_all45,v2_cap120,strict,H1,LS>DS,34,10.615199753715888,5.90220221973424,1.7985150895412496,8.66697779104227,12.521640432771365,1.4226480496109735,2.4013386065280917,3.4924596548080444e-10,1.3969838619232178e-09
excess_all45,v2_cap120,strict,H2,awake>DS,22,6.8514236267595185,9.726382322406478,0.7044164417612937,3.0085800748256726,10.87788984018778,0.33447582453292973,1.2226633236775484,0.0036711692810058594,0.0036711692810058594
excess_all45,v2_cap120,strict,H3,LS>REM,35,10.89103694402721,6.972173500276831,1.5620719914091035,8.526494334569806,13.127274056457999,1.1281346854863366,2.349226604475419,5.122274160385132e-09,1.5366822481155396e-08
excess_all45,v2_cap120,strict,H4,awake>REM,23,8.488899844400532,9.69815201324959,0.8753110729552412,4.7083917990850415,12.513256959685945,0.525260221806514,1.3728019029914602,0.00040793418884277344,0.0008158683776855469
excess_all45,v2_cap120,p80,H1,LS>DS,34,9.487351731691943,5.380460241548577,1.7632974328904885,7.686540909689661,11.209658493030735,1.3831994913335979,2.3685331319618737,5.820766091346741e-10,2.3283064365386963e-09
excess_all45,v2_cap120,p80,H2,awake>DS,29,5.818845808754995,7.03459602718758,0.8271755458687455,3.366770693280729,8.336857102175518,0.48558970816755825,1.3263019456053173,0.0001391395926475525,0.0001391395926475525
excess_all45,v2_cap120,p80,H3,LS>REM,35,10.276250373847432,6.342595626925938,1.6201963641229349,8.158843240836607,12.325532456656719,1.1593974739207502,2.4047116748751507,3.2014213502407074e-09,9.604264050722122e-09
excess_all45,v2_cap120,p80,H4,awake>REM,30,6.755286225643952,7.153298929411128,0.944359559457144,4.259127954868398,9.31632387667482,0.625280262690066,1.361085861194853,4.421919584274292e-06,8.843839168548584e-06
excess_all45,v2_cap600,strict,H1,LS>DS,2,,,,,,,,,
excess_all45,v2_cap600,strict,H2,awake>DS,0,,,,,,,,,
excess_all45,v2_cap600,strict,H3,LS>REM,9,16.415121963487977,15.355705446730695,1.0689917190996157,7.15779038439169,25.879437072247526,0.607861125125679,2.0124825662834627,0.01171875,0.01171875
excess_all45,v2_cap600,strict,H4,awake>REM,1,,,,,,,,,
excess_all45,v2_cap600,p80,H1,LS>DS,32,10.345196608874675,7.471317245088431,1.3846549770959737,7.898614214517903,12.963904193508563,1.1404630758308438,1.786972189840046,9.313225746154785e-10,3.259629011154175e-09
excess_all45,v2_cap600,p80,H2,awake>DS,7,9.905668934240358,13.497669034122438,0.7338799691412335,0.08120662406376868,18.680601937744793,0.0051636834736079485,2.6997237007706203,0.109375,0.1484375
excess_all45,v2_cap600,p80,H3,LS>REM,35,11.494230525121855,7.618294941225481,1.508766805932154,9.043769205293417,13.977336140762537,1.1697065294854563,2.0601020959708,8.149072527885437e-10,3.259629011154175e-09
excess_all45,v2_cap600,p80,H4,awake>REM,9,13.28782880155429,16.506180624115355,0.8050214101099145,2.5966667976580813,22.891183229745323,0.1414118950369777,2.7985420073524754,0.07421875,0.1484375
real,published,strict,H1,LS>DS,34,5.824573229837579,2.9342010665471796,1.9850627471455609,4.868226806547657,6.812920207051957,1.6196175044887111,2.5985175707084247,1.1641532182693481e-10,4.656612873077393e-10
real,published,strict,H2,awake>DS,29,4.092882083540728,3.550320663285823,1.15282039897567,2.8396511804001925,5.408642054431804,0.8530771364877644,1.6101793366865509,4.0978193283081055e-07,8.195638656616211e-07
real,published,strict,H3,LS>REM,35,4.401668355858051,3.2525171897929286,1.353311327507014,3.3578836643598726,5.460457144112599,1.0336640544204303,1.833639676115433,3.2014213502407074e-09,9.604264050722122e-09
real,published,strict,H4,awake>REM,30,2.4081618396030717,3.397486932385028,0.7088067997107932,1.257931011080184,3.5970392243064366,0.350451682687318,1.2346310958704447,0.0004183966666460037,0.0004183966666460037
real,published,p80,H1,LS>DS,34,5.348746627415452,2.801836521233969,1.9090145291773795,4.417144931894642,6.298650265622783,1.572868500830938,2.5118161351030106,1.1641532182693481e-10,4.656612873077393e-10
real,published,p80,H2,awake>DS,33,3.873025363423203,3.056413747154253,1.2671796699740914,2.874107535425522,4.929503912570848,0.9685527094813798,1.7459331879156264,3.189779818058014e-08,6.379559636116028e-08
real,published,p80,H3,LS>REM,35,4.142062589379064,3.163726334232054,1.3092354242404742,3.125107399080537,5.193041226089444,0.9719196840101267,1.824136264925483,9.837094694375992e-09,2.9511284083127975e-08
real,published,p80,H4,awake>REM,34,2.628921622321798,2.5131997462311033,1.0460456341618831,1.816672235274948,3.4736963182293845,0.7469400155117153,1.4911494108653534,5.791662260890007e-07,5.791662260890007e-07
real,win_only,strict,H1,LS>DS,30,8.788182365114128,5.89144583273345,1.4916851677199723,6.726570836157047,10.834730895903652,1.1421996243813994,2.0376467464762733,1.862645149230957e-08,7.450580596923828e-08
real,win_only,strict,H2,awake>DS,6,7.1638665567237005,7.551947554425687,0.9486117991544369,1.726980691266406,12.69189342403628,0.3491528822046827,2.6592327067279813,0.09375,0.109375
real,win_only,strict,H3,LS>REM,30,8.665430892304096,7.561087479391254,1.1460561613554765,5.888158857547307,11.30287425246309,0.6790412754136774,2.0903441130149156,6.917864084243774e-06,2.0753592252731323e-05
real,win_only,strict,H4,awake>REM,9,5.843722674254888,7.266743691297942,0.8041734953790722,1.5544870726068214,10.4095490047871,0.2821378836331349,1.7386296809806305,0.0546875,0.109375
real,win_only,p80,H1,LS>DS,34,6.7245010662946285,5.239507996603551,1.2834222355712992,5.018498918398279,8.484838957621587,0.9733440104933442,1.7509787373099257,1.594889909029007e-08,6.379559636116028e-08
real,win_only,p80,H2,awake>DS,20,3.1759425034525366,8.043413256630076,0.39485009685840156,-0.10925337900559662,6.750871203482068,-0.017753186897244377,0.7833260811609328,0.2305126190185547,0.2305126190185547
real,win_only,p80,H3,LS>REM,35,6.906308574409689,6.102230985127807,1.1317678061092014,4.911120808022455,8.878165122231028,0.7369550081567512,1.8625080646749963,5.779438652098179e-07,1.7338315956294537e-06
real,win_only,p80,H4,awake>REM,21,2.9794592103360236,5.218941540378444,0.570893386577381,0.8803946322638595,5.21284897321023,0.17810982557614463,1.08873687167149,0.017546653747558594,0.03509330749511719
real,tol_only,strict,H1,LS>DS,34,7.303020573044504,3.4031311905499497,2.1459709203465436,6.184901663982372,8.431666313398491,1.7188585475032394,2.8542330143894157,2.3283064365386963e-10,9.313225746154785e-10
real,tol_only,strict,H2,awake>DS,29,6.7439267869183555,4.185154646002592,1.611392494984564,5.225616566421549,8.236462663277855,1.214139466954141,2.276300671140944,2.60770320892334e-08,6.478512659668922e-08
real,tol_only,strict,H3,LS>REM,35,4.7633933674457785,3.7508039829691575,1.2699659563854493,3.5412751364089186,6.000593359889938,0.9416597759817018,1.770121385221534,2.1595042198896408e-08,6.478512659668922e-08
real,tol_only,strict,H4,awake>REM,30,3.8576420886557456,3.727677638160675,1.0348647235921393,2.543708509028065,5.167254278776577,0.6867077810951925,1.570774557771029,1.0609626770019531e-05,1.0609626770019531e-05
real,tol_only,p80,H1,LS>DS,34,6.738431432932487,3.223088615127429,2.0906751993432464,5.665874244994421,7.823355310945351,1.6978614597105144,2.791057507136221,1.1641532182693481e-10,4.656612873077393e-10
real,tol_only,p80,H2,awake>DS,33,6.33985539639659,3.4619428725438444,1.8312998307040371,5.189280626870336,7.525179656960024,1.4915075025780924,2.3963233550684664,2.3283064365386963e-10,6.984919309616089e-10
real,tol_only,p80,H3,LS>REM,35,4.524146422904577,3.6892756922350847,1.226296650159994,3.3166970434504437,5.769101842085125,0.8755689368273234,1.7252541217595083,5.2619725465774536e-08,5.2619725465774536e-08
real,tol_only,p80,H4,awake>REM,34,4.094377799188726,2.809396306810157,1.4573870511838045,3.171632812008627,5.008975782100894,1.1067944139517354,2.0371625110851057,6.402842700481415e-09,1.280568540096283e-08
real,v2_calibrated,strict,H1,LS>DS,30,18.062395596093896,9.473567547656817,1.9066096805908597,14.81076692184402,21.42660679094783,1.5668162427012728,2.5246243710584624,1.862645149230957e-09,7.450580596923828e-09
real,v2_calibrated,strict,H2,awake>DS,6,26.17944423301566,11.52158341570589,2.272208887306982,18.33635015777873,34.406653911564625,1.8945396566369184,8.838334545239105,0.03125,0.03125
real,v2_calibrated,strict,H3,LS>REM,30,11.219099325327972,9.851071989562644,1.1388709104161225,7.79617270733066,14.656676367699355,0.727364305654496,1.8760612866098574,2.7623027563095093e-06,8.286908268928528e-06
real,v2_calibrated,strict,H4,awake>REM,9,17.673446301597565,13.879674092545503,1.2733329459867953,9.194877559285821,26.295544514101923,0.7525337212065925,2.6399802983124836,0.0078125,0.015625
real,v2_calibrated,p80,H1,LS>DS,34,14.247958659869367,8.559039499961964,1.6646679408282534,11.400718631151317,17.062950524415385,1.3115137212251948,2.2460419639806335,2.3283064365386963e-10,9.313225746154785e-10
real,v2_calibrated,p80,H2,awake>DS,20,12.193764952173838,10.941224842890042,1.1144789662281491,7.4764407772384756,16.743619826467544,0.6835418539526723,1.7865491206693174,0.000133514404296875,0.00026702880859375
real,v2_calibrated,p80,H3,LS>REM,35,9.270311200387356,8.236607462711273,1.1255011535217456,6.537195465915445,11.918143720960202,0.7357728462762733,1.7431908708229267,7.527414709329605e-07,2.2582244127988815e-06
real,v2_calibrated,p80,H4,awake>REM,21,8.420215271244064,10.655616370214842,0.7902138157658066,3.9291197514562985,12.827897748592555,0.3968584777269433,1.3678945270093197,0.0021514892578125,0.0021514892578125
real,v2_cal_lag3,strict,H1,LS>DS,30,18.24667284913205,9.204339621747954,1.9823989117067053,14.995671330627546,21.553098949211783,1.6419622597199903,2.562879589341005,1.862645149230957e-09,7.450580596923828e-09
real,v2_cal_lag3,strict,H2,awake>DS,6,25.128867825296396,14.3609800256503,1.7498017391858673,15.510097706526281,35.57266542980828,1.412143665274672,8.728641082728506,0.03125,0.0390625
real,v2_cal_lag3,strict,H3,LS>REM,30,8.882464514799288,11.034240003115094,0.8049910562296692,4.90700981427956,12.710870218397122,0.3935506249801056,1.501367120707382,0.000283263623714447,0.0008497908711433411
real,v2_cal_lag3,strict,H4,awake>REM,9,14.282514430273535,14.464986103927991,0.9873852852437304,5.56808712088824,23.32135079815402,0.5115129578992622,1.9694117859263685,0.01953125,0.0390625
real,v2_cal_lag3,p80,H1,LS>DS,34,14.502203413673826,8.139189885171941,1.7817747980169485,11.771519106944579,17.17847910668379,1.433872949218694,2.3409770251832764,1.1641532182693481e-10,4.656612873077393e-10
real,v2_cal_lag3,p80,H2,awake>DS,20,12.743061538683438,11.512828675564906,1.1068575671354866,7.835696898647858,17.503216893964275,0.6818919119750003,1.799077595528729,0.000133514404296875,0.00026702880859375
real,v2_cal_lag3,p80,H3,LS>REM,35,7.48220335405533,8.739624307335214,0.8561241411459158,4.536261888129568,10.215156316003513,0.47208361609336846,1.4483673021595613,3.15406359732151e-05,9.462190791964531e-05
real,v2_cal_lag3,p80,H4,awake>REM,21,6.5956027404507775,11.550268538432547,0.5710345797160009,1.7583461668477631,11.397128335666405,0.16417583911056022,1.1037391735200062,0.026330947875976562,0.026330947875976562
real,v2_cap120,strict,H1,LS>DS,34,11.983235157402323,5.343642436750627,2.2425218938655473,10.191875978168005,13.770600328796265,1.6862245988994002,3.1422281605733686,2.3283064365386963e-10,9.313225746154785e-10
real,v2_cap120,strict,H2,awake>DS,22,11.408064117255101,8.047146623351697,1.4176533187739477,8.208610758821179,14.830376256369487,1.092815850956204,2.0409239536691213,2.384185791015625e-06,7.152557373046875e-06
real,v2_cap120,strict,H3,LS>REM,35,6.771731621585425,6.573625407342819,1.0301365231461652,4.58870268973085,8.82547801552933,0.6247256954616852,1.6570907502301093,2.9015936888754368e-06,7.152557373046875e-06
real,v2_cap120,strict,H4,awake>REM,23,6.819386921514435,8.73623495262729,0.7805864835930961,3.491886869166031,10.501255391264877,0.49712768267747176,1.1581275007137852,0.0009758472442626953,0.0009758472442626953
real,v2_cap120,p80,H1,LS>DS,34,10.80280016034307,5.070730045288876,2.1304230483300444,9.105061662985127,12.497812908000364,1.68011192699998,2.899233244246014,2.3283064365386963e-10,9.313225746154785e-10
real,v2_cap120,p80,H2,awake>DS,29,9.46143171674821,6.036572139862173,1.5673517184148542,7.334836772315417,11.652106844437416,1.2299692808666327,2.140047919643973,1.862645149230957e-08,5.587935447692871e-08
real,v2_cap120,p80,H3,LS>REM,35,6.485996850553845,6.050456224290136,1.0719847578625872,4.468930963879665,8.381804610010136,0.6499422580345708,1.7217435719596839,1.2534437701106071e-06,2.5068875402212143e-06
real,v2_cap120,p80,H4,awake>REM,30,4.809646125977681,7.248164078550549,0.6635675012119053,2.292517464181294,7.415003058548619,0.34347816346072835,1.0655562045295766,0.0021877754479646683,0.0021877754479646683
real,v2_cap600,strict,H1,LS>DS,2,,,,,,,,,
real,v2_cap600,strict,H2,awake>DS,0,,,,,,,,,
real,v2_cap600,strict,H3,LS>REM,9,17.753103261506624,18.25017878130053,0.9727632520343735,7.027423747276687,29.267633164376853,0.5329142978987065,1.823531305511745,0.01171875,0.01171875
real,v2_cap600,strict,H4,awake>REM,1,,,,,,,,,
real,v2_cap600,p80,H1,LS>DS,32,13.631796044181696,9.782285500748955,1.3935185231649612,10.419973532546015,17.102728404400064,1.14977154018099,1.7956671827638282,4.656612873077393e-10,1.862645149230957e-09
real,v2_cap600,p80,H2,awake>DS,7,13.085299054686809,18.718596842864084,0.6990534154099908,-0.4214594928880681,25.290440851665345,-0.0226025763791218,2.3220974555220657,0.078125,0.15625
real,v2_cap600,p80,H3,LS>REM,35,12.63591530148587,9.032418942506416,1.398951419538509,9.74732498197729,15.547496105751764,1.0992617694441063,1.8672009697471936,1.4551915228366852e-09,4.3655745685100555e-09
real,v2_cap600,p80,H4,awake>REM,9,12.23540998891139,18.831765661621507,0.6497218693543292,0.14372486368284515,22.99310000094313,0.006830254980999631,2.4087588048027313,0.12890625,0.15625
real_all45,published,strict,H1,LS>DS,34,6.491224960221935,4.723095122720179,1.3743582950502666,4.9323487540205315,8.060553721244188,1.0245402520695739,1.9343329510288247,1.280568540096283e-08,3.841705620288849e-08
real_all45,published,strict,H2,awake>DS,29,2.543076655626586,6.093931701367916,0.4173129566016857,0.3823102114438526,4.7337748549501155,0.06640642251839171,0.8401928621955597,0.038631681352853775,0.038631681352853775
real_all45,published,strict,H3,LS>REM,35,8.888128743453773,4.568250785295363,1.9456306497146711,7.402908489427681,10.37125541097569,1.5694666718902823,2.5891136229396414,5.820766091346741e-11,2.3283064365386963e-10
real_all45,published,strict,H4,awake>REM,30,4.927273374643899,4.335733534956966,1.1364336241878397,3.3438147826877054,6.394980575854229,0.6705719664389621,2.022594058401712,6.917864084243774e-06,1.3835728168487549e-05
real_all45,published,p80,H1,LS>DS,34,5.9369590217578985,4.438989852161284,1.337457218756036,4.4928619975918975,7.3767257834528674,1.0017725527404895,1.8576540357891482,2.4097971618175507e-08,4.819594323635101e-08
real_all45,published,p80,H2,awake>DS,33,3.1422437701635375,5.453365362675035,0.5762026860826679,1.2984184484100156,4.998474783827257,0.2492826881209195,0.987664731419969,0.004284561611711979,0.004284561611711979
real_all45,published,p80,H3,LS>REM,35,8.328261563428919,4.380639657452762,1.901151935485058,6.922134978718467,9.761230532344337,1.5208009133594629,2.534684615961545,5.820766091346741e-11,2.3283064365386963e-10
real_all45,published,p80,H4,awake>REM,34,5.571909576853042,3.3533651416497765,1.6615874924112182,4.454700443736312,6.6921149107844835,1.2229360441230879,2.4234808081131605,2.2118911147117615e-09,6.6356733441352844e-09
real_all45,win_only,strict,H1,LS>DS,30,6.776602406769653,5.787191941698664,1.1709655520394882,4.803693444358442,8.767177045745653,0.8620506793216085,1.6366728249660425,5.718320608139038e-07,1.7154961824417114e-06
real_all45,win_only,strict,H2,awake>DS,6,3.496640704974039,9.066644841298174,0.3856598296480074,-3.334232125898794,9.68563662417829,-0.4132995499813159,2.4818308535780953,0.4375,0.4375
real_all45,win_only,strict,H3,LS>REM,30,11.51116942705847,7.639959758669511,1.5067055050906608,8.848080991083002,14.110829009435571,1.0329817882511514,2.398589821408884,1.30385160446167e-07,5.21540641784668e-07
real_all45,win_only,strict,H4,awake>REM,9,10.418268066960875,6.656384483546555,1.5651541903435797,6.346477495714968,14.480767346508088,0.9843203367471159,3.31287516755336,0.0078125,0.015625
real_all45,win_only,p80,H1,LS>DS,34,5.3417787466285995,4.930466683063213,1.0834225419225114,3.7403413061525503,7.0018277810161855,0.7977011629511629,1.5002299628171203,2.764863893389702e-07,8.294591680169106e-07
real_all45,win_only,p80,H2,awake>DS,20,-0.9086952844341308,9.134851360285081,-0.09947565084471963,-4.727638729079608,3.085642865772517,-0.7090494246007125,0.3171497750690996,0.47490501403808594,0.47490501403808594
real_all45,win_only,p80,H3,LS>REM,35,9.037337481406688,6.181090029285649,1.4620944588395093,7.016335061988854,11.043746354649608,1.0577496117982097,2.0858275618854365,6.402842700481415e-09,2.561137080192566e-08
real_all45,win_only,p80,H4,awake>REM,21,3.4396213627128573,7.3463284723681905,0.4682095792000501,0.2370080534362335,6.2600535419667525,0.027336664499260227,1.2219757028538183,0.02385425567626953,0.04770851135253906
real_all45,tol_only,strict,H1,LS>DS,34,7.504312845026924,4.771578434019378,1.5727107808863168,5.917223387026744,9.096739762469435,1.2059331821261903,2.1636712346358564,2.2118911147117615e-09,6.6356733441352844e-09
real_all45,tol_only,strict,H2,awake>DS,29,4.553817372487281,6.509660987414438,0.699547546529916,2.2106948754828095,6.845151208102385,0.34031796508028933,1.2046431219898124,0.0007359124720096588,0.0007359124720096588
real_all45,tol_only,strict,H3,LS>REM,35,9.024634348745442,4.875206433032852,1.8511286594137601,7.415741601133839,10.63208108678096,1.4682330594792499,2.4869043878509376,5.820766091346741e-11,2.3283064365386963e-10
real_all45,tol_only,strict,H4,awake>REM,30,5.985856646053546,4.410676748681197,1.3571288460083437,4.424717880134528,7.483787707421342,0.9112324237358733,2.133043348472956,3.855675458908081e-07,7.711350917816162e-07
real_all45,tol_only,p80,H1,LS>DS,34,6.8958734303943166,4.494300462020289,1.5343596825955128,5.420273004608271,8.381817603997307,1.1721141293685902,2.1078141736340825,2.9103830456733704e-09,5.820766091346741e-09
real_all45,tol_only,p80,H2,awake>DS,33,5.038632926031762,5.736395620468984,0.8783621736361037,3.1494578072034907,7.026085574295441,0.5465648561791816,1.3442994644073698,2.2280961275100708e-05,2.2280961275100708e-05
real_all45,tol_only,p80,H3,LS>REM,35,8.501468587451841,4.726481313872528,1.7986887121503012,6.93567123540551,10.048806262998546,1.433709254184602,2.4028983274927334,1.1641532182693481e-10,4.656612873077393e-10
real_all45,tol_only,p80,H4,awake>REM,34,6.674603876070055,3.5858514410056896,1.861372113675209,5.440242654395121,7.872956760105412,1.398269984496259,2.7715003183036755,8.149072527885437e-10,2.444721758365631e-09
real_all45,v2_calibrated,strict,H1,LS>DS,30,14.319477657569204,7.877635002311717,1.817738147726711,11.508499096166318,17.134864129797744,1.4318498984008865,2.4798198098342352,1.862645149230957e-09,7.450580596923828e-09
real_all45,v2_calibrated,strict,H2,awake>DS,6,19.03405802016913,11.378935163848832,1.6727450983850247,10.570060597838378,26.976998824221045,0.995304852042289,4.884375630529833,0.03125,0.03125
real_all45,v2_calibrated,strict,H3,LS>REM,30,12.758628177971028,9.037329191217786,1.4117697726856615,9.445719653472727,15.851607078910359,0.9489760380267808,2.2201239286880554,2.0489096641540527e-07,6.146728992462158e-07
real_all45,v2_calibrated,strict,H4,awake>REM,9,19.454746475988305,12.708565111459873,1.5308373766323236,11.9594270416302,27.366442461758368,1.0416788566080384,3.0304755322772228,0.00390625,0.0078125
real_all45,v2_calibrated,p80,H1,LS>DS,34,11.413235991340159,6.948697895427025,1.642499956553194,9.076531339936855,13.713285830741835,1.2621756624396572,2.235486094854061,5.820766091346741e-10,2.3283064365386963e-09
real_all45,v2_calibrated,p80,H2,awake>DS,20,7.177608438119006,10.625361280997863,0.6755166481684972,2.6764849597803373,11.637921573613305,0.2698828118652884,1.2046503482871895,0.01068878173828125,0.012561798095703125
real_all45,v2_calibrated,p80,H3,LS>REM,35,10.334560107277156,7.571247683424604,1.364974511387621,7.810148601109349,12.775787191215505,0.959445700061424,1.9753276881792114,3.725290298461914e-08,1.1175870895385742e-07
real_all45,v2_calibrated,p80,H4,awake>REM,21,7.97467913648915,11.20857639735409,0.7114801071768277,3.4040540964826373,12.592457970428718,0.31194107765921575,1.3010908223924011,0.0062808990478515625,0.012561798095703125
real_all45,v2_cal_lag3,strict,H1,LS>DS,30,14.389499269628063,7.75738145888512,1.8549428497095077,11.62435501752354,17.09413645740158,1.4958090803090787,2.478045864191657,1.862645149230957e-09,7.450580596923828e-09
real_all45,v2_cal_lag3,strict,H2,awake>DS,6,17.98946526724304,12.92902837405873,1.3914011746882509,8.617798867798866,27.155604169493056,0.8671403683668721,3.215845650708071,0.03125,0.03125
real_all45,v2_cal_lag3,strict,H3,LS>REM,30,10.67916017967497,10.331429391673485,1.033657568069113,6.96774434717022,14.259656730031677,0.6145640220429789,1.7367012879318418,1.0609626770019531e-05,3.1828880310058594e-05
real_all45,v2_cal_lag3,strict,H4,awake>REM,9,16.4246401947927,13.072327125540069,1.2564434807252527,8.541385246722939,24.482962793379457,0.8274406897502792,2.27529318872202,0.00390625,0.0078125
real_all45,v2_cal_lag3,p80,H1,LS>DS,34,11.559388496611813,6.711274792148754,1.722383430065279,9.32654390069111,13.756981498501442,1.3752821397149133,2.26904282745519,1.1641532182693481e-10,4.656612873077393e-10
real_all45,v2_cal_lag3,p80,H2,awake>DS,20,7.3991791857888005,10.72086032377386,0.6901665502889612,2.864431624592396,11.971289777472963,0.2781780369277592,1.2412700921825437,0.005580902099609375,0.01116180419921875
real_all45,v2_cal_lag3,p80,H3,LS>REM,35,8.812549420323908,8.013253967335942,1.0997466767240995,6.229439213498479,11.39995201833272,0.7172543755595845,1.6900665188297725,5.051842890679836e-07,1.5155528672039509e-06
real_all45,v2_cal_lag3,p80,H4,awake>REM,21,6.191409756841706,11.808709009289805,0.5243087751566221,1.2769847791199496,11.210925313084013,0.11465572494305527,1.0720262175809343,0.02901458740234375,0.02901458740234375
real_all45,v2_cap120,strict,H1,LS>DS,34,10.889721304836522,5.972287077591936,1.8233753942764799,8.890286341890398,12.848946967973683,1.4599325606830873,2.4012730674854312,1.1641532182693481e-10,4.656612873077393e-10
real_all45,v2_cap120,strict,H2,awake>DS,22,7.136886630653311,9.866095597035239,0.7233749724458322,3.176638485328873,11.205608840258435,0.3518797375781543,1.2262311638017105,0.0036711692810058594,0.0036711692810058594
real_all45,v2_cap120,strict,H3,LS>REM,35,10.774413521084043,6.911677685448977,1.5588709444260125,8.462313731794358,12.946145641369558,1.1160095089947477,2.3370309372244495,6.402842700481415e-09,1.9208528101444244e-08
real_all45,v2_cap120,strict,H4,awake>REM,23,8.327764430586472,9.807367718626246,0.8491334952976528,4.528743066940348,12.268399879114487,0.4958896741328184,1.327023690418384,0.00034928321838378906,0.0006985664367675781
real_all45,v2_cap120,p80,H1,LS>DS,34,9.710953687865931,5.496545869512691,1.7667374963118205,7.93534471609365,11.513671187952722,1.406542167069884,2.3418541173472613,3.4924596548080444e-10,1.3969838619232178e-09
real_all45,v2_cap120,p80,H2,awake>DS,29,5.646501865028932,7.1645156199529385,0.7881205324339877,3.1291799157864997,8.247542598718141,0.4402256927493856,1.2650536441464295,0.00026926398277282715,0.00026926398277282715
real_all45,v2_cap120,p80,H3,LS>REM,35,10.146903320109658,6.318844327861208,1.6058163160262828,8.068645177997533,12.215402769143227,1.156708066390207,2.4051574386404617,3.2014213502407074e-09,9.604264050722122e-09
real_all45,v2_cap120,p80,H4,awake>REM,30,6.205492836140338,7.450172500334288,0.8329327724776706,3.618886590105948,8.803629363725488,0.50149311853561,1.2638192044695147,9.90256667137146e-05,0.0001980513334274292
real_all45,v2_cap600,strict,H1,LS>DS,2,,,,,,,,,
real_all45,v2_cap600,strict,H2,awake>DS,0,,,,,,,,,
real_all45,v2_cap600,strict,H3,LS>REM,9,16.08822743463266,15.264598902860524,1.05395677521653,7.234888568221901,25.74987974987975,0.6124013570714779,1.9825646476718677,0.01171875,0.01171875
real_all45,v2_cap600,strict,H4,awake>REM,1,,,,,,,,,
real_all45,v2_cap600,p80,H1,LS>DS,32,10.629534117504797,7.6171053917048255,1.3954820855020025,8.157237023587701,13.40175138513662,1.1666968716853685,1.7758426119010615,4.656612873077393e-10,1.862645149230957e-09
real_all45,v2_cap600,p80,H2,awake>DS,7,9.962344533773107,13.57706467891536,0.7337627660597531,-0.04535147392290132,18.880093451522026,-0.0025744686363879466,2.5814519169204524,0.109375,0.1484375
real_all45,v2_cap600,p80,H3,LS>REM,35,11.250182984636611,7.581659015842877,1.4838682353199832,8.781019216177873,13.702431129017393,1.1494864907623064,2.0104905988093593,5.820766091346741e-10,1.862645149230957e-09
real_all45,v2_cap600,p80,H4,awake>REM,9,12.208440353320533,16.5869235862333,0.7360280096456953,1.2632476859056412,21.9497807989638,0.06947237944331607,2.508243635411919,0.07421875,0.1484375
