measure,rule,variant,hyp,n_both,dz_pub,dz_var,gain,gain_ci_lo,gain_ci_hi
excess,strict,win_only,H1,30,2.087856849373763,1.4979435751225016,-0.5899132742512612,-1.1954609474547306,-0.07818504014583652
excess,strict,win_only,H2,6,1.586939982606506,0.9424479261121111,-0.6444920564943949,-2.1692015490380117,-0.04018655226997704
excess,strict,win_only,H3,30,1.3675026180382728,1.1447568657653895,-0.2227457522728833,-0.5697283670767856,0.42355414560946403
excess,strict,win_only,H4,9,0.6841215333032389,0.7854454037297215,0.10132387042648261,-0.32443077550185867,0.48246768402611484
excess,strict,tol_only,H1,34,1.9482867359411435,2.099649290360698,0.15136255441955448,-0.06129148827809551,0.47586980511462856
excess,strict,tol_only,H2,29,1.1573358068510573,1.6733443154656797,0.5160085086146224,0.2534327345349177,0.928475509333391
excess,strict,tol_only,H3,35,1.4039420178097628,1.322154136070492,-0.08178788173927076,-0.21477875539774136,0.07144502283430203
excess,strict,tol_only,H4,30,0.7446187618901383,1.1826773905720191,0.43805862868188084,0.1692059919556618,0.7833313457520026
excess,strict,v2_calibrated,H1,30,2.087856849373763,1.885762200560503,-0.20209464881325978,-0.90549488955283,0.448203844102643
excess,strict,v2_calibrated,H2,6,1.586939982606506,2.3900097836962297,0.8030698010897237,0.08096859104194642,3.170199793220217
excess,strict,v2_calibrated,H3,30,1.3675026180382728,1.1634982407422347,-0.20400437729603804,-0.6616313791517306,0.35694075696014205
excess,strict,v2_calibrated,H4,9,0.6841215333032389,1.3009342316759287,0.6168126983726898,0.08982240624500147,1.674939515768536
excess,strict,v2_cal_lag3,H1,30,2.087856849373763,1.9068934521278555,-0.18096339724590726,-0.8431537739710727,0.42325496755071684
excess,strict,v2_cal_lag3,H2,6,1.586939982606506,1.8098919893659076,0.22295200675940152,-0.46886336869371315,1.8114215844930026
excess,strict,v2_cal_lag3,H3,30,1.3675026180382728,0.8120996539011871,-0.5554029641370857,-0.9664460766886338,-0.05571420453943919
excess,strict,v2_cal_lag3,H4,9,0.6841215333032389,0.9599884156625288,0.2758668823592899,-0.13106550037680187,0.7091827764251083
excess,strict,v2_cap120,H1,34,1.9482867359411435,2.18727584848899,0.23898911254784627,-0.26237462176488213,1.0399635323931453
excess,strict,v2_cap120,H2,22,1.105570188148857,1.3857449249126939,0.28017473676383675,-0.08159405500403435,0.7485776438745136
excess,strict,v2_cap120,H3,35,1.4039420178097628,1.038468387848273,-0.3654736299614898,-0.6438430031449053,-0.010465423324107053
excess,strict,v2_cap120,H4,23,0.8777442698633845,0.8067419228577813,-0.07100234700560315,-0.48273584342357917,0.23856234656968506
excess,strict,v2_cap600,H1,2,,,,,
excess,strict,v2_cap600,H2,0,,,,,
excess,strict,v2_cap600,H3,9,1.176976544385693,0.9846486343896728,-0.19232790999602023,-1.320155981924614,0.6739327906894979
excess,strict,v2_cap600,H4,1,,,,,
excess,p80,win_only,H1,34,1.8713453332958108,1.2864796369542548,-0.5848656963415559,-0.9873843110008513,-0.28941606698061784
excess,p80,win_only,H2,20,1.3578144237181708,0.39108421514672886,-0.966730208571442,-1.5686972463932816,-0.6663864318253838
excess,p80,win_only,H3,35,1.352692002170964,1.1291202600511074,-0.22357174211985664,-0.5404718570451541,0.20316231594227682
excess,p80,win_only,H4,21,1.2266369388105065,0.5562614439099854,-0.6703754949005211,-1.2060322324725563,-0.25760841238187937
excess,p80,tol_only,H1,34,1.8713453332958108,2.0454860070396728,0.174140673743862,-0.008921795246904144,0.45418652813024574
excess,p80,tol_only,H2,33,1.2840736081183926,1.8818275459411629,0.5977539378227703,0.34009736309158123,0.9343029581608759
excess,p80,tol_only,H3,35,1.352692002170964,1.2713877288252657,-0.08130427334569834,-0.20094645029186525,0.05709153374930327
excess,p80,tol_only,H4,34,1.0997889846347493,1.6160569520983257,0.5162679674635764,0.2871420790072165,0.9062478639474895
excess,p80,v2_calibrated,H1,34,1.8713453332958108,1.6625067322758293,-0.20883860101998142,-0.6920630422827372,0.24941337296618718
excess,p80,v2_calibrated,H2,20,1.3578144237181708,1.1638036589279213,-0.1940107647902496,-0.6918727342601133,0.2595377082073236
excess,p80,v2_calibrated,H3,35,1.352692002170964,1.161720675129516,-0.19097132704144815,-0.64927859430395,0.2826448373754751
excess,p80,v2_calibrated,H4,21,1.2266369388105065,0.8714968266145101,-0.3551401121959964,-0.9647987050774469,0.18647736728918413
excess,p80,v2_cal_lag3,H1,34,1.8713453332958108,1.740849044730561,-0.13049628856524986,-0.5574166322801204,0.23164118352975088
excess,p80,v2_cal_lag3,H2,20,1.3578144237181708,1.1757070765887476,-0.18210734712942322,-0.6275976631007878,0.276647362256499
excess,p80,v2_cal_lag3,H3,35,1.352692002170964,0.895472427656119,-0.4572195745148451,-0.8445519072449915,-0.03539680846284604
excess,p80,v2_cal_lag3,H4,21,1.2266369388105065,0.6759544250897228,-0.5506825137207837,-1.1200581890455168,-0.09930154722341024
excess,p80,v2_cap120,H1,34,1.8713453332958108,2.119409591991345,0.24806425869553417,-0.17367209275499196,0.8598739391447854
excess,p80,v2_cap120,H2,29,1.388213370219975,1.5973497710251106,0.20913640080513551,-0.2285836351128951,0.6763457451798633
excess,p80,v2_cap120,H3,35,1.352692002170964,1.0949043146625048,-0.25778768750845926,-0.5042169343952613,0.101571688331393
excess,p80,v2_cap120,H4,30,1.0605488045395723,0.7673350890769366,-0.29321371546263575,-0.6365470880663318,0.013085583353145157
excess,p80,v2_cap600,H1,32,1.9312415092363764,1.3918045312713354,-0.539436977965041,-1.1426971634146412,-0.052360585185154074
excess,p80,v2_cap600,H2,7,1.044303810945217,0.7128191898530314,-0.33148462109218557,-1.343917987667277,1.157863653512179
excess,p80,v2_cap600,H3,35,1.352692002170964,1.4049634107779274,0.05227140860696333,-0.4621951463797123,0.5654589955434589
excess,p80,v2_cap600,H4,9,1.0399547509944154,0.7177472761287246,-0.3222074748656908,-1.168956053085026,1.5467865435993957
excess_all45,strict,win_only,H1,30,1.2792172787386267,1.173525615530243,-0.10569166320838375,-0.520661089897088,0.2609101597492963
excess_all45,strict,win_only,H2,6,0.5817016768104208,0.3774423260214315,-0.20425935078898932,-3.3005861668710397,0.09910686090354245
excess_all45,strict,win_only,H3,30,2.0190095913076025,1.505702713906961,-0.5133068774006415,-1.1038249917651868,0.22802712643238804
excess_all45,strict,win_only,H4,9,1.7567173872761335,1.5524359357506186,-0.2042814515255149,-2.8996594039345314,0.30288374192246703
excess_all45,strict,tol_only,H1,34,1.3506252599055184,1.541868614768638,0.1912433548631196,0.08914703813688386,0.3190065123748578
excess_all45,strict,tol_only,H2,29,0.4078334697323564,0.7240059976831438,0.3161725279507874,0.19895075130860904,0.5279033665022311
excess_all45,strict,tol_only,H3,35,1.9823061309242378,1.8789117142481402,-0.10339441667609761,-0.22053623628249572,0.008199134950279638
excess_all45,strict,tol_only,H4,30,1.161515621298139,1.4719631256149113,0.31044750431677226,0.025587053186251853,0.6557458320886829
excess_all45,strict,v2_calibrated,H1,30,1.2792172787386267,1.7960195457256498,0.5168022669870231,0.04554978307571696,1.0748943263477118
excess_all45,strict,v2_calibrated,H2,6,0.5817016768104208,1.656006648834084,1.0743049720236633,0.5658303889645655,1.42784071665046
excess_all45,strict,v2_calibrated,H3,30,2.0190095913076025,1.4434938294430557,-0.5755157618645468,-1.229094812662128,0.12837080821954164
excess_all45,strict,v2_calibrated,H4,9,1.7567173872761335,1.545479106704332,-0.21123828057180138,-3.476016024939969,0.701713985635659
excess_all45,strict,v2_cal_lag3,H1,30,1.2792172787386267,1.7715988860042036,0.4923816072655769,0.005407824693678553,1.0709068031276168
excess_all45,strict,v2_cal_lag3,H2,6,0.5817016768104208,1.4055705706293091,0.8238688938188883,-1.9585205911110273,1.3579241249752445
excess_all45,strict,v2_cal_lag3,H3,30,2.0190095913076025,1.0731594007559413,-0.9458501905516612,-1.5789989041773205,-0.32386159545142756
excess_all45,strict,v2_cal_lag3,H4,9,1.7567173872761335,1.230280955361674,-0.5264364319144594,-3.6374962556955674,0.3329754367530625
excess_all45,strict,v2_cap120,H1,34,1.3506252599055184,1.7985150895412496,0.4478898296357312,0.0990130761802851,0.7824734409953058
excess_all45,strict,v2_cap120,H2,22,0.33390993866598817,0.7044164417612937,0.37050650309530553,0.1430191395409349,0.6783416858101107
excess_all45,strict,v2_cap120,H3,35,1.9823061309242378,1.5620719914091035,-0.42023413951513433,-0.8353190248385824,0.02122414392689467
excess_all45,strict,v2_cap120,H4,23,1.1949314367272694,0.8753110729552412,-0.3196203637720282,-0.9003255125993156,0.04455096075481928
excess_all45,strict,v2_cap600,H1,2,,,,,
excess_all45,strict,v2_cap600,H2,0,,,,,
excess_all45,strict,v2_cap600,H3,9,1.6659822211600384,1.0689917190996157,-0.5969905020604227,-2.1619519698551213,0.5319009925847723
excess_all45,strict,v2_cap600,H4,1,,,,,
excess_all45,p80,win_only,H1,34,1.313894558629946,1.0827294862462042,-0.23116507238374173,-0.5950968019746954,0.03658104989247507
excess_all45,p80,win_only,H2,20,0.5675277972235033,-0.10175950877600025,-0.6692873059995036,-1.1534062417035305,-0.3890513806856601
excess_all45,p80,win_only,H3,35,1.9315647165603804,1.4604169990396578,-0.4711477175207226,-0.9774839723813376,-0.012739361840773716
excess_all45,p80,win_only,H4,21,1.7596765524655709,0.4617699339985158,-1.2979066184670551,-1.9306646848237992,-0.7037437278142646
excess_all45,p80,tol_only,H1,34,1.313894558629946,1.5061750626827815,0.19228050405283548,0.09949204420845251,0.3289286879306662
excess_all45,p80,tol_only,H2,33,0.5739538110444318,0.9125896804231111,0.3386358693786793,0.24035176009891,0.4941977581841106
excess_all45,p80,tol_only,H3,35,1.9315647165603804,1.8256247475516194,-0.10593996900876101,-0.21741860517538783,-0.0025059461711807486
excess_all45,p80,tol_only,H4,34,1.691602018422205,2.0003670834498584,0.30876506502765344,0.1007699302891402,0.6482089469050814
excess_all45,p80,v2_calibrated,H1,34,1.313894558629946,1.6122238666000512,0.29832930797010526,-0.05751215683826543,0.709708237288392
excess_all45,p80,v2_calibrated,H2,20,0.5675277972235033,0.703236667643678,0.13570887042017465,-0.31795853792852097,0.5960727546841703
excess_all45,p80,v2_calibrated,H3,35,1.9315647165603804,1.4240135848475748,-0.5075511317128056,-1.1325181076795812,0.06591795253673167
excess_all45,p80,v2_calibrated,H4,21,1.7596765524655709,0.7960137979810448,-0.9636627544845261,-1.774690878953521,-0.302034996224186
excess_all45,p80,v2_cal_lag3,H1,34,1.313894558629946,1.6726541667573265,0.3587596081273805,-0.003403011915141299,0.7285709578680686
excess_all45,p80,v2_cal_lag3,H2,20,0.5675277972235033,0.7395484174261499,0.17202062020264652,-0.29748811139914905,0.6938761344618024
excess_all45,p80,v2_cal_lag3,H3,35,1.9315647165603804,1.158922924997971,-0.7726417915624095,-1.342218427019159,-0.23443396016791665
excess_all45,p80,v2_cal_lag3,H4,21,1.7596765524655709,0.6189611828655388,-1.140715369600032,-1.963889684770939,-0.5880253573649428
excess_all45,p80,v2_cap120,H1,34,1.313894558629946,1.7632974328904885,0.4494028742605425,0.18956197962653146,0.7573192463347601
excess_all45,p80,v2_cap120,H2,29,0.5760136212129262,0.8271755458687455,0.2511619246558193,0.009650346542229338,0.536817782282203
excess_all45,p80,v2_cap120,H3,35,1.9315647165603804,1.6201963641229349,-0.31136835243744554,-0.6814469194311701,0.10504866550002723
excess_all45,p80,v2_cap120,H4,30,1.5748953777426482,0.944359559457144,-0.6305358182855042,-1.2066407079473769,-0.25363946447346586
excess_all45,p80,v2_cap600,H1,32,1.3001334680912775,1.3846549770959737,0.08452150900469624,-0.4181582264649278,0.5814223056089304
excess_all45,p80,v2_cap600,H2,7,0.7720982509102505,0.7338799691412335,-0.03821828176901698,-2.5549456444148175,2.2256260528030314
excess_all45,p80,v2_cap600,H3,35,1.9315647165603804,1.508766805932154,-0.42279791062822647,-1.116604953048709,0.21849529191581143
excess_all45,p80,v2_cap600,H4,9,2.1362122357925353,0.8050214101099145,-1.3311908256826208,-6.48457137593678,0.9599939523865171
real,strict,win_only,H1,30,2.119309838105642,1.4916851677199723,-0.6276246703856698,-1.2419221415975044,-0.12141152399213999
real,strict,win_only,H2,6,1.560594365625785,0.9486117991544369,-0.6119825664713481,-1.8484916706347139,-0.05580973824506463
real,strict,win_only,H3,30,1.3311971811790098,1.1460561613554765,-0.18514101982353326,-0.5246118441698017,0.42954196190943245
real,strict,win_only,H4,9,0.7141218218761313,0.8041734953790722,0.09005167350294097,-0.32819784355462656,0.48656890564386823
real,strict,tol_only,H1,34,1.9850627471455609,2.1459709203465436,0.16090817320098272,-0.0655730316256138,0.4569130765647318
real,strict,tol_only,H2,29,1.15282039897567,1.611392494984564,0.4585720960088939,0.21135655265557027,0.8587263699590516
real,strict,tol_only,H3,35,1.353311327507014,1.2699659563854493,-0.08334537112156482,-0.20753586224848203,0.046505166925882815
real,strict,tol_only,H4,30,0.7088067997107932,1.0348647235921393,0.32605792388134613,0.06468116368821498,0.5937888155215799
real,strict,v2_calibrated,H1,30,2.119309838105642,1.9066096805908597,-0.21270015751478244,-0.9447498307825714,0.45797323764429876
real,strict,v2_calibrated,H2,6,1.560594365625785,2.272208887306982,0.7116145216811971,-0.43965892816212776,6.592153347000313
real,strict,v2_calibrated,H3,30,1.3311971811790098,1.1388709104161225,-0.19232627076288722,-0.6970415518597614,0.3957121194854431
real,strict,v2_calibrated,H4,9,0.7141218218761313,1.2733329459867953,0.559211124110664,0.12850058439715328,1.2887660109661776
real,strict,v2_cal_lag3,H1,30,2.119309838105642,1.9823989117067053,-0.13691092639893676,-0.8606884723647484,0.4784137493020773
real,strict,v2_cal_lag3,H2,6,1.560594365625785,1.7498017391858673,0.18920737356008233,-0.9664481963769576,4.613609407559197
real,strict,v2_cal_lag3,H3,30,1.3311971811790098,0.8049910562296692,-0.5262061249493406,-0.9648385197574942,-0.024874230055236268
real,strict,v2_cal_lag3,H4,9,0.7141218218761313,0.9873852852437304,0.2732634633675991,-0.06341474344476672,0.7040073190746085
real,strict,v2_cap120,H1,34,1.9850627471455609,2.2425218938655473,0.2574591467199865,-0.20539650013659058,0.9358071928129142
real,strict,v2_cap120,H2,22,1.1253574354549938,1.4176533187739477,0.29229588331895395,-0.09051239339060232,0.7491607192366752
real,strict,v2_cap120,H3,35,1.353311327507014,1.0301365231461652,-0.3231748043608489,-0.6221907365202926,0.050151046184911355
real,strict,v2_cap120,H4,23,0.8650825360059157,0.7805864835930961,-0.08449605241281954,-0.5321058753258021,0.23923875815979828
real,strict,v2_cap600,H1,2,,,,,
real,strict,v2_cap600,H2,0,,,,,
real,strict,v2_cap600,H3,9,1.1475509031285673,0.9727632520343735,-0.1747876510941938,-1.2259690657753144,0.6731879427102112
real,strict,v2_cap600,H4,1,,,,,
real,p80,win_only,H1,34,1.9090145291773795,1.2834222355712992,-0.6255922936060803,-1.0292517316070506,-0.3277497381564639
real,p80,win_only,H2,20,1.3622466063699061,0.39485009685840156,-0.9673965095115046,-1.5816272550497255,-0.6628395259658547
real,p80,win_only,H3,35,1.3092354242404742,1.1317678061092014,-0.17746761813127288,-0.4937134224258242,0.24036198704232067
real,p80,win_only,H4,21,1.207632707210396,0.570893386577381,-0.6367393206330151,-1.12681551321733,-0.2384868025653997
real,p80,tol_only,H1,34,1.9090145291773795,2.0906751993432464,0.18166067016586696,-0.009027118541295039,0.4368257025972491
real,p80,tol_only,H2,33,1.2671796699740914,1.8312998307040371,0.5641201607299458,0.32810959034110326,0.8726452720051735
real,p80,tol_only,H3,35,1.3092354242404742,1.226296650159994,-0.08293877408048034,-0.19939367686992898,0.039007441877198186
real,p80,tol_only,H4,34,1.0460456341618831,1.4573870511838045,0.4113414170219214,0.17687743137339793,0.7488057485971166
real,p80,v2_calibrated,H1,34,1.9090145291773795,1.6646679408282534,-0.24434658834912604,-0.7253873002605831,0.21936241798066516
real,p80,v2_calibrated,H2,20,1.3622466063699061,1.1144789662281491,-0.247767640141757,-0.7398958586108695,0.2276257980607892
real,p80,v2_calibrated,H3,35,1.3092354242404742,1.1255011535217456,-0.1837342707187286,-0.6875701338580699,0.329538456181619
real,p80,v2_calibrated,H4,21,1.207632707210396,0.7902138157658066,-0.41741889144458943,-0.9905010075201868,0.06653781136390008
real,p80,v2_cal_lag3,H1,34,1.9090145291773795,1.7817747980169485,-0.12723973116043097,-0.5566333809756949,0.26052373179179605
real,p80,v2_cal_lag3,H2,20,1.3622466063699061,1.1068575671354866,-0.2553890392344196,-0.7275926322409999,0.18203414025902948
real,p80,v2_cal_lag3,H3,35,1.3092354242404742,0.8561241411459158,-0.4531112830945584,-0.8773960657851102,-0.015489716590692476
real,p80,v2_cal_lag3,H4,21,1.207632707210396,0.5710345797160009,-0.6365981274943951,-1.2200548716001194,-0.18427872742268206
real,p80,v2_cap120,H1,34,1.9090145291773795,2.1304230483300444,0.2214085191526649,-0.17455465338302148,0.7657248218748312
real,p80,v2_cap120,H2,29,1.369289123017334,1.5673517184148542,0.19806259539752014,-0.2599943084742397,0.6921053817108996
real,p80,v2_cap120,H3,35,1.3092354242404742,1.0719847578625872,-0.23725066637788705,-0.49586346973298523,0.11876778149741093
real,p80,v2_cap120,H4,30,1.0131009736038306,0.6635675012119053,-0.3495334723919252,-0.7144787681863758,-0.02451434300379424
real,p80,v2_cap600,H1,32,1.9664653385170094,1.3935185231649612,-0.5729468153520483,-1.1759406363266867,-0.0804087411271194
real,p80,v2_cap600,H2,7,1.0198828424369821,0.6990534154099908,-0.32082942702699135,-1.4416578092940817,1.1088887345036431
real,p80,v2_cap600,H3,35,1.3092354242404742,1.398951419538509,0.08971599529803487,-0.4247922516712857,0.6062699738799835
real,p80,v2_cap600,H4,9,1.0259405795340308,0.6497218693543292,-0.37621871017970165,-1.1535902032099068,1.312244816526207
real_all45,strict,win_only,H1,30,1.2987015009902654,1.1709655520394882,-0.12773594895077722,-0.5342468175486648,0.2396569497071749
real_all45,strict,win_only,H2,6,0.5885007349666618,0.3856598296480074,-0.2028409053186544,-3.6027222366807177,0.09220163836464779
real_all45,strict,win_only,H3,30,1.993967392643773,1.5067055050906608,-0.4872618875531123,-1.0876534938407698,0.23845096582390193
real_all45,strict,win_only,H4,9,1.8313342639338066,1.5651541903435797,-0.2661800735902269,-3.222617102741596,0.27644708624937
real_all45,strict,tol_only,H1,34,1.3743582950502666,1.5727107808863168,0.19835248583605014,0.09669964937796675,0.3185420662565575
real_all45,strict,tol_only,H2,29,0.4173129566016857,0.699547546529916,0.2822345899282303,0.172184850560979,0.4774455048054519
real_all45,strict,tol_only,H3,35,1.9456306497146711,1.8511286594137601,-0.094501990300911,-0.20433203745722478,0.016881522165061356
real_all45,strict,tol_only,H4,30,1.1364336241878397,1.3571288460083437,0.22069522182050405,-0.07387667845898853,0.46414638623306365
real_all45,strict,v2_calibrated,H1,30,1.2987015009902654,1.817738147726711,0.5190366467364456,0.027391305776849773,1.11707423128365
real_all45,strict,v2_calibrated,H2,6,0.5885007349666618,1.6727450983850247,1.084244363418363,-0.6320022239824117,1.4215664315632481
real_all45,strict,v2_calibrated,H3,30,1.993967392643773,1.4117697726856615,-0.5821976199581116,-1.2861629613289665,0.180294596901932
real_all45,strict,v2_calibrated,H4,9,1.8313342639338066,1.5308373766323236,-0.30049688730148305,-3.751264107683485,0.5709792508819576
real_all45,strict,v2_cal_lag3,H1,30,1.2987015009902654,1.8549428497095077,0.5562413487192424,0.05933946923389788,1.1239412769370694
real_all45,strict,v2_cal_lag3,H2,6,0.5885007349666618,1.3914011746882509,0.8029004397215891,-2.1998089154265887,1.2207064695699985
real_all45,strict,v2_cal_lag3,H3,30,1.993967392643773,1.033657568069113,-0.9603098245746602,-1.5839602239117345,-0.3344664008326122
real_all45,strict,v2_cal_lag3,H4,9,1.8313342639338066,1.2564434807252527,-0.5748907832085539,-3.80141281532455,0.3645494046214586
real_all45,strict,v2_cap120,H1,34,1.3743582950502666,1.8233753942764799,0.44901709922621325,0.11907840657235708,0.7659159110083993
real_all45,strict,v2_cap120,H2,22,0.351617169587236,0.7233749724458322,0.37175780285859616,0.15796350361343522,0.6697042716184086
real_all45,strict,v2_cap120,H3,35,1.9456306497146711,1.5588709444260125,-0.38675970528865866,-0.8059083126848452,0.06431064094202292
real_all45,strict,v2_cap120,H4,23,1.182874564020811,0.8491334952976528,-0.3337410687231581,-0.9741457286124123,0.038459901720045875
real_all45,strict,v2_cap600,H1,2,,,,,
real_all45,strict,v2_cap600,H2,0,,,,,
real_all45,strict,v2_cap600,H3,9,1.655175476692872,1.05395677521653,-0.6012187014763419,-2.0951994212092044,0.5240880094018849
real_all45,strict,v2_cap600,H4,1,,,,,
real_all45,p80,win_only,H1,34,1.337457218756036,1.0834225419225114,-0.25403467683352465,-0.6219391743895601,0.027169118562046117
real_all45,p80,win_only,H2,20,0.5793723405427561,-0.09947565084471963,-0.6788479913874758,-1.1745573993585225,-0.4051678563950911
real_all45,p80,win_only,H3,35,1.901151935485058,1.4620944588395093,-0.4390574766455486,-0.958389904533352,0.014629828088009465
real_all45,p80,win_only,H4,21,1.7448333418478992,0.4682095792000501,-1.2766237626478492,-1.9089911008168483,-0.7032942747079145
real_all45,p80,tol_only,H1,34,1.337457218756036,1.5343596825955128,0.19690246383947674,0.10598917720351643,0.3191579233708019
real_all45,p80,tol_only,H2,33,0.5762026860826679,0.8783621736361037,0.3021594875534358,0.20841015826910428,0.4431669792221955
real_all45,p80,tol_only,H3,35,1.901151935485058,1.7986887121503012,-0.10246322333475666,-0.2153158851730267,0.000288947789225645
real_all45,p80,tol_only,H4,34,1.6615874924112182,1.861372113675209,0.19978462126399088,-0.012124912877749826,0.5054679449717421
real_all45,p80,v2_calibrated,H1,34,1.337457218756036,1.642499956553194,0.30504273779715785,-0.058350963234077284,0.7440717278900687
real_all45,p80,v2_calibrated,H2,20,0.5793723405427561,0.6755166481684972,0.09614430762574111,-0.35794679438462673,0.5721566748143437
real_all45,p80,v2_calibrated,H3,35,1.901151935485058,1.364974511387621,-0.5361774240974368,-1.2018962443240782,0.07612279404754758
real_all45,p80,v2_calibrated,H4,21,1.7448333418478992,0.7114801071768277,-1.0333532346710714,-1.861442473824109,-0.4347446889634937
real_all45,p80,v2_cal_lag3,H1,34,1.337457218756036,1.722383430065279,0.38492621130924287,-0.019000810551976294,0.7872129557395015
real_all45,p80,v2_cal_lag3,H2,20,0.5793723405427561,0.6901665502889612,0.11079420974620513,-0.3354648891657645,0.6100287125072459
real_all45,p80,v2_cal_lag3,H3,35,1.901151935485058,1.0997466767240995,-0.8014052587609584,-1.3962146223786989,-0.2539716073918374
real_all45,p80,v2_cal_lag3,H4,21,1.7448333418478992,0.5243087751566221,-1.2205245666912772,-2.0840862889359366,-0.660601941389849
real_all45,p80,v2_cap120,H1,34,1.337457218756036,1.7667374963118205,0.42928027755578446,0.17951278469760037,0.7132253270856813
real_all45,p80,v2_cap120,H2,29,0.5813275835933442,0.7881205324339877,0.20679294884064348,-0.03227543382979491,0.4912525874059453
real_all45,p80,v2_cap120,H3,35,1.901151935485058,1.6058163160262828,-0.29533561945877507,-0.666314931135372,0.12691753911355608
real_all45,p80,v2_cap120,H4,30,1.5488685497447259,0.8329327724776706,-0.7159357772670553,-1.3140194033907595,-0.329380260028794
real_all45,p80,v2_cap600,H1,32,1.320958075018855,1.3954820855020025,0.0745240104831475,-0.4267859553589038,0.5521626328225767
real_all45,p80,v2_cap600,H2,7,0.7729622917063629,0.7337627660597531,-0.03919952564660978,-2.619814733161034,2.1675957635464815
real_all45,p80,v2_cap600,H3,35,1.901151935485058,1.4838682353199832,-0.41728370016507466,-1.119280275636119,0.22014002281021813
real_all45,p80,v2_cap600,H4,9,2.15910395607234,0.7360280096456953,-1.4230759464266447,-6.949126608181523,0.6503708172330435
