variant,link,stage,n_real,n_null,auc,p,significant
published,0-1,LS,35,1750,0.8889387755102041,5.003591761874823e-16,True
published,0-1,DS,34,1700,0.5744636678200692,0.030343912649636873,False
published,0-1,REM,35,1750,0.5982857142857143,0.0092417735395025,False
published,0-1,awake,30,1500,0.6892,1.5920722678638228e-10,True
published,0-2,LS,35,1750,0.9765224489795918,5.522973417745496e-23,True
published,0-2,DS,34,1700,0.6851816608996539,3.520930583454964e-06,True
published,0-2,REM,35,1750,0.8892489795918367,1.4691143472669075e-20,True
published,0-2,awake,30,1500,0.9007888888888889,3.080756533954771e-33,True
published,0-3,LS,35,1750,0.8656489795918367,3.4843911481103417e-14,True
published,0-3,DS,34,1700,0.554264705882353,0.09337519681751172,False
published,0-3,REM,35,1750,0.8514693877551021,5.210711885871042e-16,True
published,0-3,awake,30,1500,0.735,1.1980317002231258e-12,True
published,0-4,LS,35,1750,0.9566775510204082,4.063357671335613e-21,True
published,0-4,DS,34,1700,0.7469809688581315,7.048119783902436e-10,True
published,0-4,REM,35,1750,0.6421632653061224,0.00042850462259094897,True
published,0-4,awake,30,1500,0.7516,5.430525781849819e-15,True
published,0-5,LS,35,1750,0.9867102040816327,6.050838354892843e-24,True
published,0-5,DS,34,1700,0.7234083044982699,1.38764870412595e-08,True
published,0-5,REM,35,1750,0.5804489795918367,0.02898807164323901,False
published,0-5,awake,30,1500,0.7941888888888889,2.1545788852575574e-20,True
published,0-6,LS,35,1750,0.973069387755102,4.452818451403382e-23,True
published,0-6,DS,34,1700,0.5336159169550173,0.18931157520476455,False
published,0-6,REM,35,1750,0.5813795918367347,0.020559073827126906,False
published,0-6,awake,30,1500,0.7226222222222223,1.291489894500034e-13,True
published,0-7,LS,35,1750,0.9731591836734694,6.390006719671738e-23,True
published,0-7,DS,34,1700,0.5689878892733564,0.0377924735202252,False
published,0-7,REM,35,1750,0.8121714285714285,2.2606816957490687e-14,True
published,0-7,awake,30,1500,0.6582222222222223,3.397255959731926e-07,True
published,0-8,LS,35,1750,0.9481306122448979,7.46669870468484e-21,True
published,0-8,DS,34,1700,0.5536418685121107,0.08321768735521262,False
published,0-8,REM,35,1750,0.8694122448979592,4.5745551219763624e-20,True
published,0-8,awake,30,1500,0.7844555555555556,3.700220319044649e-21,True
published,0-9,LS,35,1750,0.9919102040816327,1.2032758224649096e-24,True
published,0-9,DS,34,1700,0.59030276816609,0.010926957686657158,False
published,0-9,REM,35,1750,0.9100489795918367,4.6604265050489557e-23,True
published,0-9,awake,30,1500,0.8125333333333333,8.999027599145418e-23,True
published,1-2,LS,35,1750,0.7454448979591837,2.5690001182890567e-07,True
published,1-2,DS,34,1700,0.5772404844290657,0.032155955462072415,False
published,1-2,REM,35,1750,0.6809469387755102,1.6365728247544564e-05,True
published,1-2,awake,30,1500,0.6848777777777778,2.8310651685413766e-08,True
published,1-3,LS,35,1750,0.6896,5.421420534186311e-05,True
published,1-3,DS,34,1700,0.48893598615916956,0.602044961077514,False
published,1-3,REM,35,1750,0.6114122448979592,0.00492311161804188,False
published,1-3,awake,30,1500,0.6311,5.602635324498236e-05,True
published,1-4,LS,35,1750,0.7775183673469388,7.030483224361425e-09,True
published,1-4,DS,34,1700,0.4826989619377163,0.6602902996971765,False
published,1-4,REM,35,1750,0.7793795918367347,3.585843182463008e-11,True
published,1-4,awake,30,1500,0.6482111111111111,1.0187562845871836e-05,True
published,1-5,LS,35,1750,0.7510285714285714,1.319886589316262e-07,True
published,1-5,DS,34,1700,0.6209861591695501,0.0016489359660099483,False
published,1-5,REM,35,1750,0.713134693877551,3.4303532644229627e-07,True
published,1-5,awake,30,1500,0.5699444444444445,0.013740056310501809,False
published,1-6,LS,35,1750,0.7489959183673469,1.494436636221755e-07,True
published,1-6,DS,34,1700,0.5307525951557094,0.2197884903309792,False
published,1-6,REM,35,1750,0.6621387755102041,4.299107057025884e-05,True
published,1-6,awake,30,1500,0.6248777777777778,3.8628573335853786e-05,True
published,1-7,LS,35,1750,0.7841469387755102,2.5295880093862806e-09,True
published,1-7,DS,34,1700,0.48653979238754325,0.6326370204934872,False
published,1-7,REM,35,1750,0.5535265306122449,0.09988113040512347,False
published,1-7,awake,30,1500,0.5458888888888889,0.05994409508258374,False
published,1-8,LS,35,1750,0.6740489795918367,0.00016797425577891185,True
published,1-8,DS,34,1700,0.4858477508650519,0.6395548587659857,False
published,1-8,REM,35,1750,0.6548244897959183,9.27470926619061e-05,True
published,1-8,awake,30,1500,0.5720777777777778,0.009075576208173548,False
published,1-9,LS,35,1750,0.8139755102040817,5.257705339219418e-11,True
published,1-9,DS,34,1700,0.5624480968858131,0.06559176609688044,False
published,1-9,REM,35,1750,0.6188163265306122,0.001983171914086551,False
published,1-9,awake,30,1500,0.5473888888888889,0.06804611168842806,False
published,2-3,LS,35,1750,0.8632489795918368,6.502535715315115e-14,True
published,2-3,DS,34,1700,0.7130622837370242,4.027416913115352e-07,True
published,2-3,REM,35,1750,0.7708489795918367,1.349440009649126e-09,True
published,2-3,awake,30,1500,0.7589888888888889,4.601729019120171e-13,True
published,2-4,LS,35,1750,0.9849632653061224,2.3247490034082992e-23,True
published,2-4,DS,34,1700,0.7207698961937716,2.0272794500639086e-07,True
published,2-4,REM,35,1750,0.7202857142857143,5.662828891349153e-07,True
published,2-4,awake,30,1500,0.6648888888888889,3.156381373729711e-06,True
published,2-5,LS,35,1750,0.8606530612244898,9.419387594155179e-14,True
published,2-5,DS,34,1700,0.7427595155709342,5.643766620138898e-09,True
published,2-5,REM,35,1750,0.7669795918367347,1.5273427490501533e-09,True
published,2-5,awake,30,1500,0.8470333333333333,4.7468682129007656e-21,True
published,2-6,LS,35,1750,0.8971836734693878,2.214696646292484e-16,True
published,2-6,DS,34,1700,0.5772750865051903,0.03172200488719461,False
published,2-6,REM,35,1750,0.7059755102040817,2.5713139109006892e-06,True
published,2-6,awake,30,1500,0.7200888888888889,2.332491213143712e-10,True
published,2-7,LS,35,1750,0.9465795918367347,3.732451261920941e-20,True
published,2-7,DS,34,1700,0.6159342560553633,0.0026917425719769636,False
published,2-7,REM,35,1750,0.7244979591836734,2.4179943402346934e-07,True
published,2-7,awake,30,1500,0.6154666666666667,0.000866773729114729,True
published,2-8,LS,35,1750,0.8462693877551021,7.01693059676713e-13,True
published,2-8,DS,34,1700,0.625181660899654,0.0011526978923631,False
published,2-8,REM,35,1750,0.8260163265306123,2.1770941557064787e-13,True
published,2-8,awake,30,1500,0.8351111111111111,7.550401696913586e-20,True
published,2-9,LS,35,1750,0.9736897959183674,1.8931179115733764e-22,True
published,2-9,DS,34,1700,0.6768512110726643,9.444184485239397e-06,True
published,2-9,REM,35,1750,0.864734693877551,2.4415928952666136e-16,True
published,2-9,awake,30,1500,0.7351888888888889,6.3461822542515016e-12,True
published,3-4,LS,35,1750,0.875395918367347,1.1143394507196311e-14,True
published,3-4,DS,34,1700,0.5628460207612457,0.07782401532408532,False
published,3-4,REM,35,1750,0.7105387755102041,2.080198898592729e-06,True
published,3-4,awake,30,1500,0.6508,2.408197643482322e-05,True
published,3-5,LS,35,1750,0.7845224489795919,3.3319592949838137e-09,True
published,3-5,DS,34,1700,0.465,0.7871472674352348,False
published,3-5,REM,35,1750,0.7195428571428572,5.313529765332478e-07,True
published,3-5,awake,30,1500,0.7585666666666666,2.3267370387441113e-12,True
published,3-6,LS,35,1750,0.6820326530612245,0.00010217137781354847,True
published,3-6,DS,34,1700,0.5579152249134948,0.09045824546120895,False
published,3-6,REM,35,1750,0.6352734693877551,0.0014206053844342723,False
published,3-6,awake,30,1500,0.5593111111111111,0.051466122075043565,False
published,3-7,LS,35,1750,0.7896489795918368,1.687295869143702e-09,True
published,3-7,DS,34,1700,0.5589186851211073,0.08093240648834421,False
published,3-7,REM,35,1750,0.6492816326530613,0.0004255131651815352,True
published,3-7,awake,30,1500,0.6084111111111111,0.0009617158752528532,True
published,3-8,LS,35,1750,0.6777142857142857,0.00013841238732078217,True
published,3-8,DS,34,1700,0.4603287197231834,0.8264398964104417,False
published,3-8,REM,35,1750,0.7585387755102041,4.233875122314152e-09,True
published,3-8,awake,30,1500,0.7309888888888889,4.876223949524516e-11,True
published,3-9,LS,35,1750,0.7935428571428571,1.0293946978920112e-09,True
published,3-9,DS,34,1700,0.5624307958477509,0.07308885880287896,False
published,3-9,REM,35,1750,0.7388163265306122,5.248700827325529e-08,True
published,3-9,awake,30,1500,0.7027666666666667,1.5969005276266473e-08,True
published,4-5,LS,35,1750,1.0,1.353132229527142e-24,True
published,4-5,DS,34,1700,0.9971107266435986,4.45594033198244e-31,True
published,4-5,REM,35,1750,0.9996408163265306,3.5259329295795014e-28,True
published,4-5,awake,30,1500,0.9783222222222222,4.728933934877303e-38,True
published,4-6,LS,35,1750,0.9958040816326531,2.5767988678467148e-24,True
published,4-6,DS,34,1700,0.9097145328719723,7.931062336468385e-23,True
published,4-6,REM,35,1750,0.8578938775510204,9.511305479462072e-16,True
published,4-6,awake,30,1500,0.7826555555555555,2.2184459583399948e-16,True
published,4-7,LS,35,1750,0.9999591836734694,1.0202447575344467e-24,True
published,4-7,DS,34,1700,0.7418944636678201,4.07473921486527e-09,True
published,4-7,REM,35,1750,0.7645469387755102,1.5096917112472198e-09,True
published,4-7,awake,30,1500,0.7758222222222222,2.6509383275761144e-15,True
published,4-8,LS,35,1750,0.9446285714285715,5.387593613502141e-20,True
published,4-8,DS,34,1700,0.7485726643598616,1.0396879390605384e-09,True
published,4-8,REM,35,1750,0.828734693877551,1.302010252297369e-13,True
published,4-8,awake,30,1500,0.8209666666666666,8.298367019161996e-19,True
published,4-9,LS,35,1750,1.0,1.2273863190918878e-24,True
published,4-9,DS,34,1700,0.8155449826989619,9.720022141600938e-14,True
published,4-9,REM,35,1750,0.7198204081632653,5.427399570236234e-07,True
published,4-9,awake,30,1500,0.7262555555555555,9.684780489467679e-11,True
win_only,0-1,LS,35,1750,0.8960489795918367,1.0333887425822668e-167,True
win_only,0-1,DS,30,1500,0.5656888888888889,2.4714814878247273e-26,True
win_only,0-1,REM,30,1500,0.5490555555555555,8.79856663287635e-18,True
win_only,0-1,awake,10,500,0.498,0.5832466240021102,False
win_only,0-2,LS,35,1750,0.8962122448979591,8.624687605107268e-149,True
win_only,0-2,DS,30,1500,0.563,2.0778323426539964e-12,True
win_only,0-2,REM,30,1500,0.8148111111111112,1.8184507980121955e-148,True
win_only,0-2,awake,10,500,0.8,4.123303374563335e-68,True
win_only,0-3,LS,35,1750,0.7948326530612245,4.213617381648381e-89,True
win_only,0-3,DS,30,1500,0.5304,4.807629151672848e-05,True
win_only,0-3,REM,30,1500,0.6969111111111111,3.244415573906293e-72,True
win_only,0-3,awake,10,500,0.7482,6.775111314650285e-41,True
win_only,0-4,LS,35,1750,0.9707265306122449,9.476743094220485e-220,True
win_only,0-4,DS,30,1500,0.5487111111111111,2.5440538634939865e-15,True
win_only,0-4,REM,30,1500,0.5641555555555555,1.5803795961033728e-15,True
win_only,0-4,awake,10,500,0.599,2.958330001343608e-16,True
win_only,0-5,LS,35,1750,0.9850448979591837,9.529761018967657e-282,True
win_only,0-5,DS,30,1500,0.6829,8.030236553102498e-104,True
win_only,0-5,REM,30,1500,0.7309555555555556,1.6046789941505807e-98,True
win_only,0-5,awake,10,500,0.85,2.92308925278155e-79,True
win_only,0-6,LS,35,1750,0.9131673469387755,1.0359575233005516e-234,True
win_only,0-6,DS,30,1500,0.5497,2.5143101918567122e-26,True
win_only,0-6,REM,30,1500,0.5989111111111111,5.619309712924168e-45,True
win_only,0-6,awake,10,500,0.7,6.378224457166311e-46,True
win_only,0-7,LS,35,1750,0.9416489795918367,3.2575454500316324e-204,True
win_only,0-7,DS,30,1500,0.533,3.0858475599462286e-16,True
win_only,0-7,REM,30,1500,0.733,2.7402665850843106e-145,True
win_only,0-7,awake,10,500,0.8,4.124115529611615e-68,True
win_only,0-8,LS,35,1750,0.8986612244897959,6.1586449329483725e-204,True
win_only,0-8,DS,30,1500,0.6166666666666667,1.0988660585379393e-78,True
win_only,0-8,REM,30,1500,0.8654111111111111,2.8863206257527736e-174,True
win_only,0-8,awake,10,500,0.9,1.8928124763230026e-90,True
win_only,0-9,LS,35,1750,0.9269142857142857,1.3909897003881788e-187,True
win_only,0-9,DS,30,1500,0.5645777777777777,5.833096368284515e-17,True
win_only,0-9,REM,30,1500,0.8810444444444444,3.91699441988943e-173,True
win_only,0-9,awake,10,500,0.8493,1.7347171244485403e-69,True
win_only,1-2,LS,35,1750,0.615404081632653,2.0367427997500247e-14,True
win_only,1-2,DS,30,1500,0.5153111111111112,0.001825904527946866,False
win_only,1-2,REM,30,1500,0.5133111111111112,0.04391863084024789,False
win_only,1-2,awake,10,500,0.497,0.6001020977773605,False
win_only,1-3,LS,35,1750,0.6160081632653062,1.0874380091049317e-15,True
win_only,1-3,DS,30,1500,0.5153111111111112,0.001825904527946866,False
win_only,1-3,REM,30,1500,0.5787888888888889,1.1708679904826754e-15,True
win_only,1-3,awake,10,500,0.497,0.6001022240790386,False
win_only,1-4,LS,35,1750,0.6654448979591837,1.6181840141279946e-43,True
win_only,1-4,DS,30,1500,0.5132444444444444,0.04471971748148726,False
win_only,1-4,REM,30,1500,0.5474222222222223,5.834457011175889e-10,True
win_only,1-4,awake,10,500,0.5,1.0,False
win_only,1-5,LS,35,1750,0.6523183673469388,4.90139660629677e-47,True
win_only,1-5,DS,30,1500,0.498,0.6364195855161576,False
win_only,1-5,REM,30,1500,0.5462666666666667,6.923996294783006e-08,True
win_only,1-5,awake,10,500,0.5489,5.176921591591492e-07,True
win_only,1-6,LS,35,1750,0.5807346938775511,1.4924194040969683e-15,True
win_only,1-6,DS,30,1500,0.49866666666666665,0.6123616467202638,False
win_only,1-6,REM,30,1500,0.49866666666666665,0.6123616584282221,False
win_only,1-6,awake,10,500,0.497,0.6001026029869396,False
win_only,1-7,LS,35,1750,0.696195918367347,1.5025939701098422e-69,True
win_only,1-7,DS,30,1500,0.49966666666666665,0.5580927499593785,False
win_only,1-7,REM,30,1500,0.5320555555555555,1.3539495973442088e-08,True
win_only,1-7,awake,10,500,0.499,0.5618114480997372,False
win_only,1-8,LS,35,1750,0.6094530612244898,5.292021607536961e-28,True
win_only,1-8,DS,30,1500,0.498,0.636419594877817,False
win_only,1-8,REM,30,1500,0.5476555555555556,7.227217304440382e-11,True
win_only,1-8,awake,10,500,0.5,1.0,False
win_only,1-9,LS,35,1750,0.7198204081632653,2.9951696372533962e-52,True
win_only,1-9,DS,30,1500,0.49733333333333335,0.656374134356405,False
win_only,1-9,REM,30,1500,0.5149666666666667,0.004734811342256101,False
win_only,1-9,awake,10,500,0.499,0.5618114480997372,False
win_only,2-3,LS,35,1750,0.7773714285714286,6.686177049977632e-73,True
win_only,2-3,DS,30,1500,0.5798888888888889,7.130829808439176e-17,True
win_only,2-3,REM,30,1500,0.6618222222222222,8.29231405708225e-41,True
win_only,2-3,awake,10,500,0.6486,2.0712554363304692e-21,True
win_only,2-4,LS,35,1750,0.8671102040816326,1.4189408945251033e-134,True
win_only,2-4,DS,30,1500,0.6286666666666667,1.5162443420652106e-29,True
win_only,2-4,REM,30,1500,0.5633444444444444,2.757825741792172e-13,True
win_only,2-4,awake,10,500,0.5992,2.586078763889361e-16,True
win_only,2-5,LS,35,1750,0.7215265306122449,3.5388584205185206e-58,True
win_only,2-5,DS,30,1500,0.5626,4.766607219895223e-11,True
win_only,2-5,REM,30,1500,0.6427222222222222,1.4983235774220296e-27,True
win_only,2-5,awake,10,500,0.6988,8.577717112738203e-37,True
win_only,2-6,LS,35,1750,0.6915346938775511,3.6459386143144427e-40,True
win_only,2-6,DS,30,1500,0.5633444444444444,2.7578212427181204e-13,True
win_only,2-6,REM,30,1500,0.6287222222222222,4.873722703222654e-32,True
win_only,2-6,awake,10,500,0.5463,0.0016760854586882195,False
win_only,2-7,LS,35,1750,0.8537795918367347,3.209534557207435e-154,True
win_only,2-7,DS,30,1500,0.5461333333333334,1.9309080041605145e-07,True
win_only,2-7,REM,30,1500,0.6804888888888889,5.151424794744712e-61,True
win_only,2-7,awake,10,500,0.5455,0.004218256756955294,False
win_only,2-8,LS,35,1750,0.7358775510204082,4.87015600041357e-62,True
win_only,2-8,DS,30,1500,0.5630555555555555,1.9898780041001982e-12,True
win_only,2-8,REM,30,1500,0.7281666666666666,1.676302768688102e-71,True
win_only,2-8,awake,10,500,0.7,6.379472539121802e-46,True
win_only,2-9,LS,35,1750,0.8814530612244897,9.500991744594785e-130,True
win_only,2-9,DS,30,1500,0.5963666666666667,1.0629023108063607e-23,True
win_only,2-9,REM,30,1500,0.8093333333333333,7.724641483985755e-92,True
win_only,2-9,awake,10,500,0.6964,2.4717514616709745e-23,True
win_only,3-4,LS,35,1750,0.7636979591836734,1.7587774528574678e-60,True
win_only,3-4,DS,30,1500,0.5649333333333333,1.2084213883213162e-18,True
win_only,3-4,REM,30,1500,0.5953333333333334,3.2501694579492747e-19,True
win_only,3-4,awake,10,500,0.5491,4.67586712095642e-07,True
win_only,3-5,LS,35,1750,0.6311265306122449,3.18938001351324e-19,True
win_only,3-5,DS,30,1500,0.5157,0.00043207940012626554,True
win_only,3-5,REM,30,1500,0.6119333333333333,1.05846054774071e-24,True
win_only,3-5,awake,10,500,0.6466,9.492136911986764e-18,True
win_only,3-6,LS,35,1750,0.6332,4.160275474977884e-24,True
win_only,3-6,DS,30,1500,0.5312666666666667,1.3066717579922411e-06,True
win_only,3-6,REM,30,1500,0.5463111111111111,1.741770973268539e-07,True
win_only,3-6,awake,10,500,0.5469,0.0004516595114614721,True
win_only,3-7,LS,35,1750,0.7227102040816327,8.662753967404286e-64,True
win_only,3-7,DS,30,1500,0.5153555555555556,0.0017772200907127612,False
win_only,3-7,REM,30,1500,0.6632555555555556,2.6606181058816667e-50,True
win_only,3-7,awake,10,500,0.5968,4.1280737357082147e-10,True
win_only,3-8,LS,35,1750,0.6491183673469387,1.057839300693465e-31,True
win_only,3-8,DS,30,1500,0.5314444444444445,1.1460027835698126e-06,True
win_only,3-8,REM,30,1500,0.6619333333333334,7.335094914766887e-41,True
win_only,3-8,awake,10,500,0.6978,9.286390122066676e-31,True
win_only,3-9,LS,35,1750,0.8364244897959183,1.747081062144501e-98,True
win_only,3-9,DS,30,1500,0.532,1.4307541952599895e-08,True
win_only,3-9,REM,30,1500,0.6807555555555556,5.2235080570668345e-67,True
win_only,3-9,awake,10,500,0.548,4.451302197003969e-05,True
win_only,4-5,LS,35,1750,0.9999510204081633,1.0938907102169438e-205,True
win_only,4-5,DS,30,1500,0.9831555555555556,4.233667400398574e-231,True
win_only,4-5,REM,30,1500,0.9654,3.5082857170534174e-225,True
win_only,4-5,awake,10,500,0.8996,1.2155168069602021e-80,True
win_only,4-6,LS,35,1750,0.9993142857142857,3.601923929919633e-205,True
win_only,4-6,DS,30,1500,0.9156555555555556,1.392027204854453e-211,True
win_only,4-6,REM,30,1500,0.6814666666666667,6.681519854457479e-79,True
win_only,4-6,awake,10,500,0.7982,7.697204323566593e-46,True
win_only,4-7,LS,35,1750,0.9989795918367347,2.376713723944437e-220,True
win_only,4-7,DS,30,1500,0.7988222222222222,1.7149610183855885e-156,True
win_only,4-7,REM,30,1500,0.5972444444444445,8.553538798252537e-29,True
win_only,4-7,awake,10,500,0.75,5.33773871803053e-57,True
win_only,4-8,LS,35,1750,0.898,2.4044104087034436e-169,True
win_only,4-8,DS,30,1500,0.7492444444444445,8.138441876454846e-132,True
win_only,4-8,REM,30,1500,0.5956666666666667,3.785332804084572e-21,True
win_only,4-8,awake,10,500,0.7996,1.2025656310972502e-58,True
win_only,4-9,LS,35,1750,0.999665306122449,2.8336386817296714e-178,True
win_only,4-9,DS,30,1500,0.7975,5.185446401714927e-120,True
win_only,4-9,REM,30,1500,0.6468777777777778,3.4811183904809587e-47,True
win_only,4-9,awake,10,500,0.8,4.12249137734871e-68,True
tol_only,0-1,LS,35,1750,0.9002367346938775,2.3402200471842536e-16,True
tol_only,0-1,DS,34,1700,0.6225605536332179,0.005779271896525454,False
tol_only,0-1,REM,35,1750,0.6772244897959183,0.00012870082077585154,True
tol_only,0-1,awake,30,1500,0.7702888888888889,4.892210837650846e-10,True
tol_only,0-2,LS,35,1750,0.9719755102040817,5.110446292486956e-22,True
tol_only,0-2,DS,34,1700,0.6965570934256056,2.6869538511394764e-05,True
tol_only,0-2,REM,35,1750,0.8717142857142857,1.3326626723824674e-14,True
tol_only,0-2,awake,30,1500,0.9045888888888889,1.781572496225273e-19,True
tol_only,0-3,LS,35,1750,0.8832408163265306,3.787063020470478e-15,True
tol_only,0-3,DS,34,1700,0.5796020761245675,0.051918219030144735,False
tol_only,0-3,REM,35,1750,0.8308326530612244,6.307712985474595e-12,True
tol_only,0-3,awake,30,1500,0.7291333333333333,2.333172093598465e-07,True
tol_only,0-4,LS,35,1750,0.9721795918367347,4.912921014298228e-22,True
tol_only,0-4,DS,34,1700,0.7412024221453287,3.6187427149295727e-07,True
tol_only,0-4,REM,35,1750,0.5839836734693877,0.04252197860292259,False
tol_only,0-4,awake,30,1500,0.7273333333333334,2.743366601383369e-07,True
tol_only,0-5,LS,35,1750,0.9769632653061224,1.9059774953820626e-22,True
tol_only,0-5,DS,34,1700,0.7758823529411765,6.49228733733347e-09,True
tol_only,0-5,REM,35,1750,0.6909469387755102,4.1996027971895256e-05,True
tol_only,0-5,awake,30,1500,0.8758888888888889,7.370264996116406e-18,True
tol_only,0-6,LS,35,1750,0.9483755102040816,4.684151928382607e-20,True
tol_only,0-6,DS,34,1700,0.5592214532871972,0.11026890734442008,False
tol_only,0-6,REM,35,1750,0.6648979591836734,0.00032550780401122066,True
tol_only,0-6,awake,30,1500,0.7820444444444444,5.208565762663742e-11,True
tol_only,0-7,LS,35,1750,0.981134693877551,8.29789111316431e-23,True
tol_only,0-7,DS,34,1700,0.6397145328719723,0.0019259429545214362,False
tol_only,0-7,REM,35,1750,0.8011428571428572,2.6796261419276415e-10,True
tol_only,0-7,awake,30,1500,0.6834666666666667,1.6879320926698816e-05,True
tol_only,0-8,LS,35,1750,0.9318204081632653,9.720754910213246e-19,True
tol_only,0-8,DS,34,1700,0.5957006920415225,0.023187147682954778,False
tol_only,0-8,REM,35,1750,0.8814693877551021,1.8367438448338573e-15,True
tol_only,0-8,awake,30,1500,0.8491555555555556,2.711540711989121e-16,True
tol_only,0-9,LS,35,1750,0.9889061224489796,1.731171769777925e-23,True
tol_only,0-9,DS,34,1700,0.5959515570934256,0.023620145193774714,False
tol_only,0-9,REM,35,1750,0.9259591836734694,9.545388669140782e-19,True
tol_only,0-9,awake,30,1500,0.8949,2.734455533955528e-19,True
tol_only,1-2,LS,35,1750,0.7678775510204081,2.7524153696006703e-08,True
tol_only,1-2,DS,34,1700,0.5757612456747405,0.060785834620148804,False
tol_only,1-2,REM,35,1750,0.6270775510204082,0.0046304503327082676,False
tol_only,1-2,awake,30,1500,0.7446555555555555,6.132536889143853e-08,True
tol_only,1-3,LS,35,1750,0.7249795918367347,2.510605499633253e-06,True
tol_only,1-3,DS,34,1700,0.4756574394463668,0.6901469842868694,False
tol_only,1-3,REM,35,1750,0.5843265306122449,0.04202856644151949,False
tol_only,1-3,awake,30,1500,0.6549777777777778,0.00033816858093022885,True
tol_only,1-4,LS,35,1750,0.7951102040816327,1.0714250639649583e-09,True
tol_only,1-4,DS,34,1700,0.4539705882352941,0.8260368392868949,False
tol_only,1-4,REM,35,1750,0.8075591836734693,1.5039098673751328e-10,True
tol_only,1-4,awake,30,1500,0.6467555555555555,0.0007381505043771976,True
tol_only,1-5,LS,35,1750,0.8183755102040816,5.278727092671534e-11,True
tol_only,1-5,DS,34,1700,0.5823961937716263,0.045657730075136564,False
tol_only,1-5,REM,35,1750,0.7166122448979592,4.257924836493703e-06,True
tol_only,1-5,awake,30,1500,0.6376777777777778,0.001168877430830634,False
tol_only,1-6,LS,35,1750,0.7965387755102041,8.95238823386411e-10,True
tol_only,1-6,DS,34,1700,0.5141176470588236,0.3859545301825058,False
tol_only,1-6,REM,35,1750,0.6854938775510204,6.565747453838114e-05,True
tol_only,1-6,awake,30,1500,0.5729555555555556,0.047703940592195584,False
tol_only,1-7,LS,35,1750,0.7697632653061225,2.2175921618466285e-08,True
tol_only,1-7,DS,34,1700,0.5307179930795848,0.26308315450191305,False
tol_only,1-7,REM,35,1750,0.637404081632653,0.0022926332998984226,False
tol_only,1-7,awake,30,1500,0.5640888888888889,0.07506506112375401,False
tol_only,1-8,LS,35,1750,0.7268489795918367,2.092810534532062e-06,True
tol_only,1-8,DS,34,1700,0.47758650519031143,0.6786189708344434,False
tol_only,1-8,REM,35,1750,0.6167510204081633,0.008092429539700305,False
tol_only,1-8,awake,30,1500,0.5894333333333334,0.021154680613219415,False
tol_only,1-9,LS,35,1750,0.8541142857142857,3.3888832462549814e-13,True
tol_only,1-9,DS,34,1700,0.5519290657439446,0.14263292511274317,False
tol_only,1-9,REM,35,1750,0.593534693877551,0.02742146989424061,False
tol_only,1-9,awake,30,1500,0.598,0.014804849955287967,False
tol_only,2-3,LS,35,1750,0.8496897959183674,6.524183263504351e-13,True
tol_only,2-3,DS,34,1700,0.7373961937716264,7.137949499361074e-07,True
tol_only,2-3,REM,35,1750,0.7764816326530612,8.454440693716161e-09,True
tol_only,2-3,awake,30,1500,0.7494111111111111,5.429144785511155e-08,True
tol_only,2-4,LS,35,1750,0.987265306122449,2.4244330958203e-23,True
tol_only,2-4,DS,34,1700,0.7448961937716263,3.214787168540397e-07,True
tol_only,2-4,REM,35,1750,0.7410448979591837,4.622304076198089e-07,True
tol_only,2-4,awake,30,1500,0.6909555555555555,3.016926933076002e-05,True
tol_only,2-5,LS,35,1750,0.9325632653061224,8.542359397967422e-19,True
tol_only,2-5,DS,34,1700,0.706643598615917,1.28936970292358e-05,True
tol_only,2-5,REM,35,1750,0.7599836734693878,6.022794454449336e-08,True
tol_only,2-5,awake,30,1500,0.8344333333333334,5.296858449236379e-13,True
tol_only,2-6,LS,35,1750,0.9050122448979592,1.0510131929617147e-16,True
tol_only,2-6,DS,34,1700,0.5628460207612457,0.09981877989447235,False
tol_only,2-6,REM,35,1750,0.7198367346938775,3.6113837070009014e-06,True
tol_only,2-6,awake,30,1500,0.7441666666666666,6.215560962652608e-08,True
tol_only,2-7,LS,35,1750,0.938334693877551,2.993607187929254e-19,True
tol_only,2-7,DS,34,1700,0.5694723183391004,0.07811959397176899,False
tol_only,2-7,REM,35,1750,0.7944,9.563676109624114e-10,True
tol_only,2-7,awake,30,1500,0.5721777777777778,0.05741882263039513,False
tol_only,2-8,LS,35,1750,0.8890775510204082,1.474384023382401e-15,True
tol_only,2-8,DS,34,1700,0.5900086505190312,0.03232377047771791,False
tol_only,2-8,REM,35,1750,0.8506285714285714,4.2660802129315917e-13,True
tol_only,2-8,awake,30,1500,0.8451888888888889,6.086916564918979e-14,True
tol_only,2-9,LS,35,1750,0.9484571428571429,4.619280000134213e-20,True
tol_only,2-9,DS,34,1700,0.6735640138408304,0.0001885199243098586,True
tol_only,2-9,REM,35,1750,0.9065061224489795,5.3626822138466546e-17,True
tol_only,2-9,awake,30,1500,0.8021555555555555,3.9293595084278093e-11,True
tol_only,3-4,LS,35,1750,0.8579346938775511,1.9206280587148797e-13,True
tol_only,3-4,DS,34,1700,0.545181660899654,0.18039864797885197,False
tol_only,3-4,REM,35,1750,0.7209959183673469,3.3848980552765027e-06,True
tol_only,3-4,awake,30,1500,0.6846666666666666,4.1031315709408256e-05,True
tol_only,3-5,LS,35,1750,0.7716163265306123,1.794584025830491e-08,True
tol_only,3-5,DS,34,1700,0.4441176470588235,0.8711859643429014,False
tol_only,3-5,REM,35,1750,0.7442612244897959,3.2186070535550435e-07,True
tol_only,3-5,awake,30,1500,0.7771333333333333,2.95060256215672e-09,True
tol_only,3-6,LS,35,1750,0.6866448979591837,7.648694885883006e-05,True
tol_only,3-6,DS,34,1700,0.5563667820069205,0.1257629519457908,False
tol_only,3-6,REM,35,1750,0.6268816326530612,0.0048082171007496465,False
tol_only,3-6,awake,30,1500,0.6273222222222222,0.0033999032027737922,False
tol_only,3-7,LS,35,1750,0.7616163265306123,5.56876256686063e-08,True
tol_only,3-7,DS,34,1700,0.5186418685121107,0.3518668162358862,False
tol_only,3-7,REM,35,1750,0.7433551020408163,3.519762439691817e-07,True
tol_only,3-7,awake,30,1500,0.6394111111111112,0.0014673689984618364,False
tol_only,3-8,LS,35,1750,0.6848326530612245,8.861744557413652e-05,True
tol_only,3-8,DS,34,1700,0.5040311418685121,0.4672357780912475,False
tol_only,3-8,REM,35,1750,0.7751918367346938,9.791650413101433e-09,True
tol_only,3-8,awake,30,1500,0.7673777777777778,4.639841091695422e-09,True
tol_only,3-9,LS,35,1750,0.8867836734693878,2.1423472374538547e-15,True
tol_only,3-9,DS,34,1700,0.5395674740484429,0.2106218100197524,False
tol_only,3-9,REM,35,1750,0.7850775510204082,3.146620726957924e-09,True
tol_only,3-9,awake,30,1500,0.8472222222222222,4.496099962240719e-14,True
tol_only,4-5,LS,35,1750,1.0,1.779628050888394e-24,True
tol_only,4-5,DS,34,1700,0.9894204152249135,1.0415373997979141e-23,True
tol_only,4-5,REM,35,1750,0.9988489795918367,1.2819882921155226e-24,True
tol_only,4-5,awake,30,1500,0.9726666666666667,1.0514782557217757e-23,True
tol_only,4-6,LS,35,1750,0.9968489795918367,3.415210933513651e-24,True
tol_only,4-6,DS,34,1700,0.8652508650519031,4.9580320086746005e-14,True
tol_only,4-6,REM,35,1750,0.8588571428571429,1.2440089374117202e-13,True
tol_only,4-6,awake,30,1500,0.7902666666666667,2.046121130170691e-10,True
tol_only,4-7,LS,35,1750,0.9996408163265306,1.9165855511558914e-24,True
tol_only,4-7,DS,34,1700,0.7378892733564014,5.928488675123912e-07,True
tol_only,4-7,REM,35,1750,0.757869387755102,6.98078950109318e-08,True
tol_only,4-7,awake,30,1500,0.7868111111111111,2.1458198793672896e-10,True
tol_only,4-8,LS,35,1750,0.9504979591836735,3.1568681698125806e-20,True
tol_only,4-8,DS,34,1700,0.7369290657439447,6.248331340799962e-07,True
tol_only,4-8,REM,35,1750,0.8623020408163266,6.559745910810964e-14,True
tol_only,4-8,awake,30,1500,0.8019111111111111,1.9582889554492335e-11,True
tol_only,4-9,LS,35,1750,0.9998857142857143,1.8216303458369043e-24,True
tol_only,4-9,DS,34,1700,0.8114705882352942,1.126286741646934e-10,True
tol_only,4-9,REM,35,1750,0.7299591836734693,1.3797737963834255e-06,True
tol_only,4-9,awake,30,1500,0.8247444444444444,1.157900776045443e-12,True
v2_calibrated,0-1,LS,35,1750,0.9586204081632653,9.111968898119182e-23,True
v2_calibrated,0-1,DS,30,1500,0.6480444444444444,1.4707355272496548e-05,True
v2_calibrated,0-1,REM,30,1500,0.7281111111111112,1.3980065487248782e-08,True
v2_calibrated,0-1,awake,10,500,0.701,0.0003753274799688307,True
v2_calibrated,0-2,LS,35,1750,0.9802448979591837,2.9001878145571676e-24,True
v2_calibrated,0-2,DS,30,1500,0.7022888888888889,2.9575179240478394e-07,True
v2_calibrated,0-2,REM,30,1500,0.852,3.9468759101730884e-17,True
v2_calibrated,0-2,awake,10,500,0.8628,1.8763897978684762e-08,True
v2_calibrated,0-3,LS,35,1750,0.9236244897959184,4.812650204765156e-19,True
v2_calibrated,0-3,DS,30,1500,0.5332,0.20307806009059481,False
v2_calibrated,0-3,REM,30,1500,0.8767777777777778,5.298834549526544e-19,True
v2_calibrated,0-3,awake,10,500,0.9793,3.7902796462224277e-13,True
v2_calibrated,0-4,LS,35,1750,0.9997959183673469,3.1761431266204146e-26,True
v2_calibrated,0-4,DS,30,1500,0.7927666666666666,5.2820902642958415e-14,True
v2_calibrated,0-4,REM,30,1500,0.7440666666666667,4.829480924890288e-09,True
v2_calibrated,0-4,awake,10,500,0.8737,1.220018467625542e-10,True
v2_calibrated,0-5,LS,35,1750,0.9865224489795918,1.771092544106108e-25,True
v2_calibrated,0-5,DS,30,1500,0.8721888888888889,2.4744961264222593e-22,True
v2_calibrated,0-5,REM,30,1500,0.8317444444444444,1.484701556856241e-16,True
v2_calibrated,0-5,awake,10,500,0.9753,4.0685041444845594e-16,True
v2_calibrated,0-6,LS,35,1750,0.9637795918367347,1.5682569862227998e-23,True
v2_calibrated,0-6,DS,30,1500,0.7049111111111112,1.2986835513643381e-08,True
v2_calibrated,0-6,REM,30,1500,0.7801333333333333,2.0201089188314898e-12,True
v2_calibrated,0-6,awake,10,500,0.8687,2.716670152048671e-11,True
v2_calibrated,0-7,LS,35,1750,0.9869877551020408,1.9588191049970477e-25,True
v2_calibrated,0-7,DS,30,1500,0.7602,4.663902979602675e-12,True
v2_calibrated,0-7,REM,30,1500,0.9039333333333334,6.840862073771766e-24,True
v2_calibrated,0-7,awake,10,500,0.9227,2.7498147286773876e-12,True
v2_calibrated,0-8,LS,35,1750,0.9883836734693877,2.375421918240425e-25,True
v2_calibrated,0-8,DS,30,1500,0.8368777777777778,7.52224638663941e-18,True
v2_calibrated,0-8,REM,30,1500,0.9298333333333333,4.168165143151617e-26,True
v2_calibrated,0-8,awake,10,500,0.9833,1.3313968838858603e-16,True
v2_calibrated,0-9,LS,35,1750,0.9960816326530613,5.364436403936661e-26,True
v2_calibrated,0-9,DS,30,1500,0.7674555555555556,2.6937580132722576e-12,True
v2_calibrated,0-9,REM,30,1500,0.9425444444444444,3.8416819793536295e-25,True
v2_calibrated,0-9,awake,10,500,0.9376,9.739042885819002e-12,True
v2_calibrated,1-2,LS,35,1750,0.8778857142857143,7.395601483848394e-16,True
v2_calibrated,1-2,DS,30,1500,0.5105111111111111,0.3965539140557546,False
v2_calibrated,1-2,REM,30,1500,0.5636333333333333,0.06299412282599844,False
v2_calibrated,1-2,awake,10,500,0.6229,0.021144991183075796,False
v2_calibrated,1-3,LS,35,1750,0.7753632653061224,4.280918422301446e-09,True
v2_calibrated,1-3,DS,30,1500,0.5604777777777777,0.06470177148508348,False
v2_calibrated,1-3,REM,30,1500,0.6628777777777778,5.5549291784008826e-05,True
v2_calibrated,1-3,awake,10,500,0.6273,0.022502926864757203,False
v2_calibrated,1-4,LS,35,1750,0.8793469387755102,4.507512480417436e-16,True
v2_calibrated,1-4,DS,30,1500,0.5252111111111111,0.26023789491173077,False
v2_calibrated,1-4,REM,30,1500,0.7140111111111112,7.067175417220914e-08,True
v2_calibrated,1-4,awake,10,500,0.6323,0.013282702572167253,False
v2_calibrated,1-5,LS,35,1750,0.7931510204081632,2.0127082588528129e-10,True
v2_calibrated,1-5,DS,30,1500,0.5977,0.005108258245307618,False
v2_calibrated,1-5,REM,30,1500,0.7203333333333334,1.590394532246087e-08,True
v2_calibrated,1-5,awake,10,500,0.8056,9.800584085052132e-08,True
v2_calibrated,1-6,LS,35,1750,0.7552244897959184,2.1041201646897568e-08,True
v2_calibrated,1-6,DS,30,1500,0.5231666666666667,0.25948368059500193,False
v2_calibrated,1-6,REM,30,1500,0.5490666666666667,0.10374444389668958,False
v2_calibrated,1-6,awake,10,500,0.6403,0.007094620040181743,False
v2_calibrated,1-7,LS,35,1750,0.8037142857142857,4.910044850384384e-11,True
v2_calibrated,1-7,DS,30,1500,0.5780777777777778,0.017560448499018055,False
v2_calibrated,1-7,REM,30,1500,0.6554888888888889,2.366060445124556e-05,True
v2_calibrated,1-7,awake,10,500,0.721,0.00015750846265363935,True
v2_calibrated,1-8,LS,35,1750,0.7168081632653062,1.9831364470819927e-06,True
v2_calibrated,1-8,DS,30,1500,0.5612666666666667,0.05109379537835294,False
v2_calibrated,1-8,REM,30,1500,0.6465888888888889,0.0001133299749552548,True
v2_calibrated,1-8,awake,10,500,0.6777,0.0011809167941366945,False
v2_calibrated,1-9,LS,35,1750,0.8715755102040816,3.086214620343617e-15,True
v2_calibrated,1-9,DS,30,1500,0.5554888888888889,0.07209626943997015,False
v2_calibrated,1-9,REM,30,1500,0.6628111111111111,3.211730589583633e-05,True
v2_calibrated,1-9,awake,10,500,0.6051,0.05101414498338537,False
v2_calibrated,2-3,LS,35,1750,0.9114367346938775,7.56071700289372e-18,True
v2_calibrated,2-3,DS,30,1500,0.6380222222222223,0.0003682740808983681,True
v2_calibrated,2-3,REM,30,1500,0.7134444444444444,5.600542385345153e-07,True
v2_calibrated,2-3,awake,10,500,0.7859,6.295386897025464e-06,True
v2_calibrated,2-4,LS,35,1750,0.905795918367347,1.3507229496757147e-17,True
v2_calibrated,2-4,DS,30,1500,0.6190111111111111,0.0015927952504643334,False
v2_calibrated,2-4,REM,30,1500,0.7348888888888889,2.3491218658577505e-08,True
v2_calibrated,2-4,awake,10,500,0.7452,5.9769390328789144e-05,True
v2_calibrated,2-5,LS,35,1750,0.928269387755102,1.5706725875691112e-19,True
v2_calibrated,2-5,DS,30,1500,0.5523333333333333,0.09494923093647134,False
v2_calibrated,2-5,REM,30,1500,0.7091444444444445,9.916815931705226e-07,True
v2_calibrated,2-5,awake,10,500,0.8619,4.377896474148016e-10,True
v2_calibrated,2-6,LS,35,1750,0.8843510204081633,4.10045041668383e-16,True
v2_calibrated,2-6,DS,30,1500,0.6151777777777778,0.0019728587754116035,False
v2_calibrated,2-6,REM,30,1500,0.6974777777777778,2.227604906405126e-06,True
v2_calibrated,2-6,awake,10,500,0.7286,0.00034284291842916073,True
v2_calibrated,2-7,LS,35,1750,0.9195755102040817,8.313977020107725e-19,True
v2_calibrated,2-7,DS,30,1500,0.6216444444444444,0.0009729075958519298,True
v2_calibrated,2-7,REM,30,1500,0.7921111111111111,1.1763238816074727e-11,True
v2_calibrated,2-7,awake,10,500,0.8984,3.383738691596651e-11,True
v2_calibrated,2-8,LS,35,1750,0.7878530612244898,7.659665486290591e-10,True
v2_calibrated,2-8,DS,30,1500,0.6491888888888889,5.593728582194588e-05,True
v2_calibrated,2-8,REM,30,1500,0.8404222222222222,8.292689011637373e-16,True
v2_calibrated,2-8,awake,10,500,0.8918,1.079379099200086e-09,True
v2_calibrated,2-9,LS,35,1750,0.9640489795918368,2.253912512153927e-22,True
v2_calibrated,2-9,DS,30,1500,0.7003666666666667,2.9461182929975335e-07,True
v2_calibrated,2-9,REM,30,1500,0.8391222222222222,2.9366196304937027e-15,True
v2_calibrated,2-9,awake,10,500,0.9061,3.2016678962533564e-11,True
v2_calibrated,3-4,LS,35,1750,0.8451265306122449,2.7233826906991477e-13,True
v2_calibrated,3-4,DS,30,1500,0.5991,0.006113367099435207,False
v2_calibrated,3-4,REM,30,1500,0.7519444444444444,1.7308054899768368e-09,True
v2_calibrated,3-4,awake,10,500,0.7853,5.238667977862927e-06,True
v2_calibrated,3-5,LS,35,1750,0.8064163265306122,6.674427538487377e-11,True
v2_calibrated,3-5,DS,30,1500,0.5232666666666667,0.279669584442806,False
v2_calibrated,3-5,REM,30,1500,0.7602222222222222,1.2857179351233847e-09,True
v2_calibrated,3-5,awake,10,500,0.8004,1.5943122670718075e-06,True
v2_calibrated,3-6,LS,35,1750,0.7445142857142857,1.2900580069715131e-07,True
v2_calibrated,3-6,DS,30,1500,0.48767777777777777,0.6255642617245462,False
v2_calibrated,3-6,REM,30,1500,0.6383333333333333,0.0008906535803079631,True
v2_calibrated,3-6,awake,10,500,0.6913,0.0008668492766921092,True
v2_calibrated,3-7,LS,35,1750,0.8303020408163265,1.9161322865522093e-12,True
v2_calibrated,3-7,DS,30,1500,0.46755555555555556,0.788960234120081,False
v2_calibrated,3-7,REM,30,1500,0.8014555555555556,1.479763628708697e-12,True
v2_calibrated,3-7,awake,10,500,0.7236,0.0003488181151083207,True
v2_calibrated,3-8,LS,35,1750,0.7491510204081633,8.958061748524187e-08,True
v2_calibrated,3-8,DS,30,1500,0.5256222222222222,0.2533414183953187,False
v2_calibrated,3-8,REM,30,1500,0.7556777777777778,6.710956805877427e-10,True
v2_calibrated,3-8,awake,10,500,0.7977,3.6843085515165493e-06,True
v2_calibrated,3-9,LS,35,1750,0.9120408163265306,3.950985595955196e-18,True
v2_calibrated,3-9,DS,30,1500,0.49312222222222224,0.5696494196474211,False
v2_calibrated,3-9,REM,30,1500,0.7692555555555556,3.276802754479298e-10,True
v2_calibrated,3-9,awake,10,500,0.804,2.7314118970728458e-06,True
v2_calibrated,4-5,LS,35,1750,0.9985142857142857,7.441562863863461e-26,True
v2_calibrated,4-5,DS,30,1500,0.9924333333333333,4.507621628634328e-37,True
v2_calibrated,4-5,REM,30,1500,0.9561888888888889,4.771911288014492e-27,True
v2_calibrated,4-5,awake,10,500,0.9927,4.731510302468525e-16,True
v2_calibrated,4-6,LS,35,1750,0.9897387755102041,5.563307240452854e-25,True
v2_calibrated,4-6,DS,30,1500,0.9159333333333334,1.5756316199389386e-27,True
v2_calibrated,4-6,REM,30,1500,0.7395444444444444,9.701472213642796e-09,True
v2_calibrated,4-6,awake,10,500,0.8896,1.3273735885085142e-09,True
v2_calibrated,4-7,LS,35,1750,0.9789224489795918,6.156005873680188e-24,True
v2_calibrated,4-7,DS,30,1500,0.8446888888888889,4.50091302310185e-19,True
v2_calibrated,4-7,REM,30,1500,0.7288222222222223,3.108973346142006e-08,True
v2_calibrated,4-7,awake,10,500,0.7794,6.82767002000124e-06,True
v2_calibrated,4-8,LS,35,1750,0.9492816326530612,1.5340453326589568e-21,True
v2_calibrated,4-8,DS,30,1500,0.8081555555555555,6.556704573100105e-15,True
v2_calibrated,4-8,REM,30,1500,0.6484333333333333,0.0002402052382919096,True
v2_calibrated,4-8,awake,10,500,0.8688,2.0124097043426932e-09,True
v2_calibrated,4-9,LS,35,1750,0.9922530612244898,6.492588516204817e-25,True
v2_calibrated,4-9,DS,30,1500,0.8263777777777778,1.786603573665287e-16,True
v2_calibrated,4-9,REM,30,1500,0.6572555555555556,0.00010578675394859936,True
v2_calibrated,4-9,awake,10,500,0.9074,1.3248769293092908e-10,True
v2_cal_lag3,0-1,LS,35,1750,0.9630204081632653,6.758407527551829e-24,True
v2_cal_lag3,0-1,DS,30,1500,0.6354,9.434570358804596e-05,True
v2_cal_lag3,0-1,REM,30,1500,0.6827666666666666,1.466307261167665e-06,True
v2_cal_lag3,0-1,awake,10,500,0.7001,0.0002513654865351106,True
v2_cal_lag3,0-2,LS,35,1750,0.9841632653061224,8.121674174346228e-25,True
v2_cal_lag3,0-2,DS,30,1500,0.7251111111111112,4.729655987955976e-09,True
v2_cal_lag3,0-2,REM,30,1500,0.9018777777777778,2.169669195723503e-21,True
v2_cal_lag3,0-2,awake,10,500,0.8717,1.5204513987330783e-09,True
v2_cal_lag3,0-3,LS,35,1750,0.9553795918367347,6.066830001834048e-22,True
v2_cal_lag3,0-3,DS,30,1500,0.5622777777777778,0.05900541406839422,False
v2_cal_lag3,0-3,REM,30,1500,0.8743333333333333,6.128869837416023e-19,True
v2_cal_lag3,0-3,awake,10,500,0.98,1.5507305692437485e-14,True
v2_cal_lag3,0-4,LS,35,1750,0.999404081632653,1.1482229939629293e-26,True
v2_cal_lag3,0-4,DS,30,1500,0.7828444444444445,7.261465185210048e-13,True
v2_cal_lag3,0-4,REM,30,1500,0.7610111111111111,1.082705640998304e-10,True
v2_cal_lag3,0-4,awake,10,500,0.7576,7.803051256925709e-06,True
v2_cal_lag3,0-5,LS,35,1750,0.999265306122449,1.1532653093629765e-27,True
v2_cal_lag3,0-5,DS,30,1500,0.8215333333333333,7.617305993365546e-18,True
v2_cal_lag3,0-5,REM,30,1500,0.8507111111111111,9.287227321048435e-20,True
v2_cal_lag3,0-5,awake,10,500,0.9774,7.869516090024159e-15,True
v2_cal_lag3,0-6,LS,35,1750,0.9737224489795918,1.3393779231177099e-24,True
v2_cal_lag3,0-6,DS,30,1500,0.7248777777777777,8.57201355553794e-11,True
v2_cal_lag3,0-6,REM,30,1500,0.7282222222222222,2.441526379061119e-09,True
v2_cal_lag3,0-6,awake,10,500,0.9245,4.2814622667476684e-16,True
v2_cal_lag3,0-7,LS,35,1750,0.9778367346938776,1.0475925578900305e-24,True
v2_cal_lag3,0-7,DS,30,1500,0.7684666666666666,1.308651389523982e-13,True
v2_cal_lag3,0-7,REM,30,1500,0.8979111111111111,4.353171483127935e-26,True
v2_cal_lag3,0-7,awake,10,500,0.9265,3.3888904350003086e-12,True
v2_cal_lag3,0-8,LS,35,1750,0.9722530612244898,1.4786847902552023e-24,True
v2_cal_lag3,0-8,DS,30,1500,0.8637222222222222,1.477442237865765e-23,True
v2_cal_lag3,0-8,REM,30,1500,0.9462222222222222,1.7879643487727674e-28,True
v2_cal_lag3,0-8,awake,10,500,0.9869,3.0305096747430965e-16,True
v2_cal_lag3,0-9,LS,35,1750,0.9992571428571428,8.192680239669148e-27,True
v2_cal_lag3,0-9,DS,30,1500,0.8043111111111111,9.029695033181765e-17,True
v2_cal_lag3,0-9,REM,30,1500,0.9488888888888889,2.153094446206842e-28,True
v2_cal_lag3,0-9,awake,10,500,0.9819,1.2287563727092931e-14,True
v2_cal_lag3,1-2,LS,35,1750,0.8474938775510205,8.221556384584396e-14,True
v2_cal_lag3,1-2,DS,30,1500,0.5863,0.014391789398580318,False
v2_cal_lag3,1-2,REM,30,1500,0.6398,0.0003069120658148071,True
v2_cal_lag3,1-2,awake,10,500,0.7642,2.2404168641425027e-05,True
v2_cal_lag3,1-3,LS,35,1750,0.7304081632653061,6.430886428165025e-07,True
v2_cal_lag3,1-3,DS,30,1500,0.5210555555555556,0.30045936466206263,False
v2_cal_lag3,1-3,REM,30,1500,0.7356,1.2538445907555154e-08,True
v2_cal_lag3,1-3,awake,10,500,0.5603,0.1597554521345202,False
v2_cal_lag3,1-4,LS,35,1750,0.8306204081632653,9.878309859050128e-13,True
v2_cal_lag3,1-4,DS,30,1500,0.4835111111111111,0.6657758871699477,False
v2_cal_lag3,1-4,REM,30,1500,0.7480777777777777,9.72232253316135e-10,True
v2_cal_lag3,1-4,awake,10,500,0.5236,0.34740898382755414,False
v2_cal_lag3,1-5,LS,35,1750,0.8059510204081632,1.5957126964988228e-11,True
v2_cal_lag3,1-5,DS,30,1500,0.5169222222222222,0.32139806915544944,False
v2_cal_lag3,1-5,REM,30,1500,0.7747,1.2425727560156173e-13,True
v2_cal_lag3,1-5,awake,10,500,0.64,0.006663094828102063,False
v2_cal_lag3,1-6,LS,35,1750,0.7587591836734694,1.2389553470227527e-08,True
v2_cal_lag3,1-6,DS,30,1500,0.5079111111111111,0.41267424070204284,False
v2_cal_lag3,1-6,REM,30,1500,0.6216444444444444,0.0006121606407788797,True
v2_cal_lag3,1-6,awake,10,500,0.5317,0.2880708859345728,False
v2_cal_lag3,1-7,LS,35,1750,0.8395428571428571,1.2384535019800713e-13,True
v2_cal_lag3,1-7,DS,30,1500,0.5249444444444444,0.24463148853895333,False
v2_cal_lag3,1-7,REM,30,1500,0.6326888888888889,0.00027037353215952014,True
v2_cal_lag3,1-7,awake,10,500,0.6381,0.006482653151477519,False
v2_cal_lag3,1-8,LS,35,1750,0.6731020408163265,9.947580220664464e-05,True
v2_cal_lag3,1-8,DS,30,1500,0.47846666666666665,0.7182780071062732,False
v2_cal_lag3,1-8,REM,30,1500,0.6652222222222223,1.003676575208976e-05,True
v2_cal_lag3,1-8,awake,10,500,0.7921,1.629058509658126e-07,True
v2_cal_lag3,1-9,LS,35,1750,0.856,1.937877405186069e-14,True
v2_cal_lag3,1-9,DS,30,1500,0.5049777777777777,0.4467518806559623,False
v2_cal_lag3,1-9,REM,30,1500,0.6694555555555556,1.0916860741023099e-05,True
v2_cal_lag3,1-9,awake,10,500,0.785,4.7151910798478567e-07,True
v2_cal_lag3,2-3,LS,35,1750,0.8913632653061224,1.8066569609552217e-16,True
v2_cal_lag3,2-3,DS,30,1500,0.6379111111111111,0.00036360296687312554,True
v2_cal_lag3,2-3,REM,30,1500,0.7663555555555556,3.5830449153328017e-10,True
v2_cal_lag3,2-3,awake,10,500,0.8486,1.9846500159823313e-08,True
v2_cal_lag3,2-4,LS,35,1750,0.9373959183673469,2.8553096172519783e-20,True
v2_cal_lag3,2-4,DS,30,1500,0.7124444444444444,4.9740926394314845e-08,True
v2_cal_lag3,2-4,REM,30,1500,0.6267444444444444,0.001775758812428762,False
v2_cal_lag3,2-4,awake,10,500,0.748,2.639901201448791e-05,True
v2_cal_lag3,2-5,LS,35,1750,0.9435102040816327,8.265393411342715e-21,True
v2_cal_lag3,2-5,DS,30,1500,0.6823,1.8839114775727665e-06,True
v2_cal_lag3,2-5,REM,30,1500,0.7371111111111112,3.945299626372372e-08,True
v2_cal_lag3,2-5,awake,10,500,0.7942,7.238939349379999e-07,True
v2_cal_lag3,2-6,LS,35,1750,0.8994612244897959,1.7473816443807403e-17,True
v2_cal_lag3,2-6,DS,30,1500,0.6317555555555555,0.00047086845615079405,True
v2_cal_lag3,2-6,REM,30,1500,0.6908111111111112,6.360117274001129e-06,True
v2_cal_lag3,2-6,awake,10,500,0.6867,0.0013941903715495637,False
v2_cal_lag3,2-7,LS,35,1750,0.9272244897959183,1.4307589158290554e-19,True
v2_cal_lag3,2-7,DS,30,1500,0.6000666666666666,0.0064858507953565354,False
v2_cal_lag3,2-7,REM,30,1500,0.7854888888888889,4.0254322257081114e-11,True
v2_cal_lag3,2-7,awake,10,500,0.9071,1.5934746546827412e-11,True
v2_cal_lag3,2-8,LS,35,1750,0.8613469387755102,2.0016904848115578e-14,True
v2_cal_lag3,2-8,DS,30,1500,0.5753111111111111,0.029353923801876493,False
v2_cal_lag3,2-8,REM,30,1500,0.9029222222222222,4.702794310947474e-21,True
v2_cal_lag3,2-8,awake,10,500,0.9202,7.063402618095973e-13,True
v2_cal_lag3,2-9,LS,35,1750,0.9627020408163265,1.5590297383893987e-22,True
v2_cal_lag3,2-9,DS,30,1500,0.7215,2.6264990153446944e-08,True
v2_cal_lag3,2-9,REM,30,1500,0.8774111111111111,2.5393860597102944e-18,True
v2_cal_lag3,2-9,awake,10,500,0.9046,5.434582091739368e-11,True
v2_cal_lag3,3-4,LS,35,1750,0.8828897959183674,8.400054984860067e-16,True
v2_cal_lag3,3-4,DS,30,1500,0.4924777777777778,0.5743390700044259,False
v2_cal_lag3,3-4,REM,30,1500,0.6767222222222222,2.7388097942968178e-05,True
v2_cal_lag3,3-4,awake,10,500,0.7543,3.087410826232e-05,True
v2_cal_lag3,3-5,LS,35,1750,0.7298857142857142,7.293877833901846e-07,True
v2_cal_lag3,3-5,DS,30,1500,0.4909777777777778,0.5910915519886203,False
v2_cal_lag3,3-5,REM,30,1500,0.8148222222222222,3.3112275214102537e-13,True
v2_cal_lag3,3-5,awake,10,500,0.8363,1.3939110623437266e-07,True
v2_cal_lag3,3-6,LS,35,1750,0.7231918367346939,1.341003720621687e-06,True
v2_cal_lag3,3-6,DS,30,1500,0.5235888888888889,0.26838688987781856,False
v2_cal_lag3,3-6,REM,30,1500,0.6907444444444445,6.854759644619067e-06,True
v2_cal_lag3,3-6,awake,10,500,0.6705,0.005266503744144602,False
v2_cal_lag3,3-7,LS,35,1750,0.8291918367346939,2.1609041760219964e-12,True
v2_cal_lag3,3-7,DS,30,1500,0.5093,0.4040866814297077,False
v2_cal_lag3,3-7,REM,30,1500,0.7948333333333333,1.604549099452938e-12,True
v2_cal_lag3,3-7,awake,10,500,0.7894,1.31871754451726e-06,True
v2_cal_lag3,3-8,LS,35,1750,0.7887020408163266,6.045902209061416e-10,True
v2_cal_lag3,3-8,DS,30,1500,0.5672222222222222,0.04691555566982018,False
v2_cal_lag3,3-8,REM,30,1500,0.8012,3.077973496841919e-12,True
v2_cal_lag3,3-8,awake,10,500,0.8674,4.3374183279919266e-10,True
v2_cal_lag3,3-9,LS,35,1750,0.9441795918367347,9.77852414138564e-21,True
v2_cal_lag3,3-9,DS,30,1500,0.5239666666666667,0.27317603286289094,False
v2_cal_lag3,3-9,REM,30,1500,0.8247888888888889,3.327345104509027e-15,True
v2_cal_lag3,3-9,awake,10,500,0.8626,4.8408114459065516e-09,True
v2_cal_lag3,4-5,LS,35,1750,0.9992979591836735,3.18968071165522e-26,True
v2_cal_lag3,4-5,DS,30,1500,0.9794888888888889,2.3507400772672917e-33,True
v2_cal_lag3,4-5,REM,30,1500,0.9712222222222222,1.3370155147718953e-29,True
v2_cal_lag3,4-5,awake,10,500,0.937,8.788249993615237e-14,True
v2_cal_lag3,4-6,LS,35,1750,0.9904489795918368,2.7000176501153086e-25,True
v2_cal_lag3,4-6,DS,30,1500,0.9729,2.0179746075928732e-37,True
v2_cal_lag3,4-6,REM,30,1500,0.7998666666666666,2.0974399293481793e-13,True
v2_cal_lag3,4-6,awake,10,500,0.8522,6.300621451772858e-09,True
v2_cal_lag3,4-7,LS,35,1750,0.9930938775510204,1.4087269864496854e-25,True
v2_cal_lag3,4-7,DS,30,1500,0.8704111111111111,9.86492184295015e-25,True
v2_cal_lag3,4-7,REM,30,1500,0.7843222222222223,1.5481459100880672e-12,True
v2_cal_lag3,4-7,awake,10,500,0.7474,1.3921899492801236e-05,True
v2_cal_lag3,4-8,LS,35,1750,0.9438285714285715,4.3238253873228714e-21,True
v2_cal_lag3,4-8,DS,30,1500,0.8556111111111111,4.225023330000628e-20,True
v2_cal_lag3,4-8,REM,30,1500,0.7288111111111111,1.4616309348169754e-08,True
v2_cal_lag3,4-8,awake,10,500,0.9358,1.7457044641460802e-13,True
v2_cal_lag3,4-9,LS,35,1750,0.9987265306122449,5.304806416791225e-26,True
v2_cal_lag3,4-9,DS,30,1500,0.8478444444444444,1.986585885342212e-19,True
v2_cal_lag3,4-9,REM,30,1500,0.7618111111111111,5.862263622950935e-10,True
v2_cal_lag3,4-9,awake,10,500,0.9097,1.7857057425028974e-11,True
