subject,variant,window,step,max_lag,tolerance,calibration_failed,window_clipped,raw_bartlett_HR,raw_bartlett_Resp,raw_bartlett_Chin,raw_bartlett_Leg,raw_bartlett_Eye,raw_bartlett_delta,raw_bartlett_theta,raw_bartlett_alpha,raw_bartlett_sigma,raw_bartlett_beta
0,published,60,30,30,1,,,257,445,1019,1020,193,5559,2490,390,144,175
0,tol_only,60,30,30,2,False,,257,445,1019,1020,193,5559,2490,390,144,175
0,v2_cal_lag3,300,150,100,8,False,,257,445,1019,1020,193,5559,2490,390,144,175
0,v2_calibrated,300,150,149,15,False,True,257,445,1019,1020,193,5559,2490,390,144,175
0,v2_cap120,120,60,59,5,False,True,257,445,1019,1020,193,5559,2490,390,144,175
0,v2_cap600,600,300,299,30,False,True,257,445,1019,1020,193,5559,2490,390,144,175
0,win_only,300,150,149,1,,True,257,445,1019,1020,193,5559,2490,390,144,175
1,published,60,30,30,1,,,227,640,112,100,112,7997,7102,4694,282,166
1,tol_only,60,30,30,2,False,,227,640,112,100,112,7997,7102,4694,282,166
1,v2_cal_lag3,300,150,100,9,False,,227,640,112,100,112,7997,7102,4694,282,166
1,v2_calibrated,300,150,149,15,False,True,227,640,112,100,112,7997,7102,4694,282,166
1,v2_cap120,120,60,59,5,False,True,227,640,112,100,112,7997,7102,4694,282,166
1,v2_cap600,600,300,299,31,False,True,227,640,112,100,112,7997,7102,4694,282,166
1,win_only,300,150,149,1,,True,227,640,112,100,112,7997,7102,4694,282,166
2,published,60,30,30,1,,,380,906,218,93,288,14418,3337,2762,648,2320
2,tol_only,60,30,30,2,False,,380,906,218,93,288,14418,3337,2762,648,2320
2,v2_cal_lag3,300,150,100,10,False,,380,906,218,93,288,14418,3337,2762,648,2320
2,v2_calibrated,300,150,149,17,False,True,380,906,218,93,288,14418,3337,2762,648,2320
2,v2_cap120,120,60,59,5,False,True,380,906,218,93,288,14418,3337,2762,648,2320
2,v2_cap600,600,300,299,33,False,True,380,906,218,93,288,14418,3337,2762,648,2320
2,win_only,300,150,149,1,,True,380,906,218,93,288,14418,3337,2762,648,2320
3,published,60,30,30,1,,,177,13746,8562,137,247,7827,1198,2355,747,817
3,tol_only,60,30,30,2,False,,177,13746,8562,137,247,7827,1198,2355,747,817
3,v2_cal_lag3,300,150,100,8,False,,177,13746,8562,137,247,7827,1198,2355,747,817
3,v2_calibrated,300,150,149,14,False,True,177,13746,8562,137,247,7827,1198,2355,747,817
3,v2_cap120,120,60,59,5,False,True,177,13746,8562,137,247,7827,1198,2355,747,817
3,v2_cap600,600,300,299,32,False,True,177,13746,8562,137,247,7827,1198,2355,747,817
3,win_only,300,150,149,1,,True,177,13746,8562,137,247,7827,1198,2355,747,817
4,published,60,30,30,1,,,1015,947,76,73,133,416,437,212,116,144
4,tol_only,60,30,30,2,False,,1015,947,76,73,133,416,437,212,116,144
4,v2_cal_lag3,300,150,100,9,False,,1015,947,76,73,133,416,437,212,116,144
4,v2_calibrated,300,150,149,14,False,True,1015,947,76,73,133,416,437,212,116,144
4,v2_cap120,120,60,59,5,False,True,1015,947,76,73,133,416,437,212,116,144
4,v2_cap600,600,300,299,25,False,True,1015,947,76,73,133,416,437,212,116,144
4,win_only,300,150,149,1,,True,1015,947,76,73,133,416,437,212,116,144
5,published,60,30,30,1,,,665,643,347,63,1369,6846,5046,901,366,400
5,tol_only,60,30,30,2,False,,665,643,347,63,1369,6846,5046,901,366,400
5,v2_cal_lag3,300,150,100,9,False,,665,643,347,63,1369,6846,5046,901,366,400
5,v2_calibrated,300,150,149,15,False,True,665,643,347,63,1369,6846,5046,901,366,400
5,v2_cap120,120,60,59,6,False,True,665,643,347,63,1369,6846,5046,901,366,400
5,v2_cap600,600,300,299,31,False,True,665,643,347,63,1369,6846,5046,901,366,400
5,win_only,300,150,149,1,,True,665,643,347,63,1369,6846,5046,901,366,400
6,published,60,30,30,1,,,153,1213,117,1002,59,8906,4611,1183,530,160
6,tol_only,60,30,30,2,False,,153,1213,117,1002,59,8906,4611,1183,530,160
6,v2_cal_lag3,300,150,100,9,False,,153,1213,117,1002,59,8906,4611,1183,530,160
6,v2_calibrated,300,150,149,14,False,True,153,1213,117,1002,59,8906,4611,1183,530,160
6,v2_cap120,120,60,59,6,False,True,153,1213,117,1002,59,8906,4611,1183,530,160
6,v2_cap600,600,300,299,29,False,True,153,1213,117,1002,59,8906,4611,1183,530,160
6,win_only,300,150,149,1,,True,153,1213,117,1002,59,8906,4611,1183,530,160
7,published,60,30,30,1,,,7678,1201,502,66,748,13874,7636,629,397,183
7,tol_only,60,30,30,2,False,,7678,1201,502,66,748,13874,7636,629,397,183
7,v2_cal_lag3,300,150,100,10,False,,7678,1201,502,66,748,13874,7636,629,397,183
7,v2_calibrated,300,150,149,15,False,True,7678,1201,502,66,748,13874,7636,629,397,183
7,v2_cap120,120,60,59,5,False,True,7678,1201,502,66,748,13874,7636,629,397,183
7,v2_cap600,600,300,299,32,False,True,7678,1201,502,66,748,13874,7636,629,397,183
7,win_only,300,150,149,1,,True,7678,1201,502,66,748,13874,7636,629,397,183
8,published,60,30,30,1,,,6131,809,547,102,1800,9491,6862,2316,1564,2635
8,tol_only,60,30,30,2,False,,6131,809,547,102,1800,9491,6862,2316,1564,2635
8,v2_cal_lag3,300,150,100,9,False,,6131,809,547,102,1800,9491,6862,2316,1564,2635
8,v2_calibrated,300,150,149,15,False,True,6131,809,547,102,1800,9491,6862,2316,1564,2635
8,v2_cap120,120,60,59,5,False,True,6131,809,547,102,1800,9491,6862,2316,1564,2635
8,v2_cap600,600,300,299,29,False,True,6131,809,547,102,1800,9491,6862,2316,1564,2635
8,win_only,300,150,149,1,,True,6131,809,547,102,1800,9491,6862,2316,1564,2635
9,published,60,30,30,1,,,1939,3135,598,54,2678,9172,8957,2241,837,1608
9,tol_only,60,30,30,2,False,,1939,3135,598,54,2678,9172,8957,2241,837,1608
9,v2_cal_lag3,300,150,100,9,False,,1939,3135,598,54,2678,9172,8957,2241,837,1608
9,v2_calibrated,300,150,149,16,False,True,1939,3135,598,54,2678,9172,8957,2241,837,1608
9,v2_cap120,120,60,59,5,False,True,1939,3135,598,54,2678,9172,8957,2241,837,1608
9,v2_cap600,600,300,299,30,False,True,1939,3135,598,54,2678,9172,8957,2241,837,1608
9,win_only,300,150,149,1,,True,1939,3135,598,54,2678,9172,8957,2241,837,1608
10,published,60,30,30,1,,,288,1070,143,49,46,319,112,107,110,94
10,tol_only,60,30,30,2,False,,288,1070,143,49,46,319,112,107,110,94
10,v2_cal_lag3,300,150,100,8,False,,288,1070,143,49,46,319,112,107,110,94
10,v2_calibrated,300,150,149,14,False,True,288,1070,143,49,46,319,112,107,110,94
10,v2_cap120,120,60,59,5,False,True,288,1070,143,49,46,319,112,107,110,94
10,v2_cap600,600,300,299,29,False,True,288,1070,143,49,46,319,112,107,110,94
10,win_only,300,150,149,1,,True,288,1070,143,49,46,319,112,107,110,94
11,published,60,30,30,1,,,6398,235,398,109,194,4106,1533,1124,271,432
11,tol_only,60,30,30,2,False,,6398,235,398,109,194,4106,1533,1124,271,432
11,v2_cal_lag3,300,150,100,9,False,,6398,235,398,109,194,4106,1533,1124,271,432
11,v2_calibrated,300,150,149,15,False,True,6398,235,398,109,194,4106,1533,1124,271,432
11,v2_cap120,120,60,59,5,False,True,6398,235,398,109,194,4106,1533,1124,271,432
11,v2_cap600,600,300,299,32,False,True,6398,235,398,109,194,4106,1533,1124,271,432
11,win_only,300,150,149,1,,True,6398,235,398,109,194,4106,1533,1124,271,432
12,published,60,30,30,1,,,13149,1462,96,103,644,4099,6147,4532,1000,271
12,tol_only,60,30,30,2,False,,13149,1462,96,103,644,4099,6147,4532,1000,271
12,v2_cal_lag3,300,150,100,9,False,,13149,1462,96,103,644,4099,6147,4532,1000,271
12,v2_calibrated,300,150,149,16,False,True,13149,1462,96,103,644,4099,6147,4532,1000,271
12,v2_cap120,120,60,59,6,False,True,13149,1462,96,103,644,4099,6147,4532,1000,271
12,v2_cap600,600,300,299,31,False,True,13149,1462,96,103,644,4099,6147,4532,1000,271
12,win_only,300,150,149,1,,True,13149,1462,96,103,644,4099,6147,4532,1000,271
13,published,60,30,30,1,,,6934,130,167,604,143,196,224,226,235,231
13,tol_only,60,30,30,2,False,,6934,130,167,604,143,196,224,226,235,231
13,v2_cal_lag3,300,150,100,8,False,,6934,130,167,604,143,196,224,226,235,231
13,v2_calibrated,300,150,149,14,False,True,6934,130,167,604,143,196,224,226,235,231
13,v2_cap120,120,60,59,5,False,True,6934,130,167,604,143,196,224,226,235,231
13,v2_cap600,600,300,299,30,False,True,6934,130,167,604,143,196,224,226,235,231
13,win_only,300,150,149,1,,True,6934,130,167,604,143,196,224,226,235,231
14,published,60,30,30,1,,,1490,555,52,57,2104,6447,6154,260,561,982
14,tol_only,60,30,30,2,False,,1490,555,52,57,2104,6447,6154,260,561,982
14,v2_cal_lag3,300,150,100,8,False,,1490,555,52,57,2104,6447,6154,260,561,982
14,v2_calibrated,300,150,149,14,False,True,1490,555,52,57,2104,6447,6154,260,561,982
14,v2_cap120,120,60,59,5,False,True,1490,555,52,57,2104,6447,6154,260,561,982
14,v2_cap600,600,300,299,30,False,True,1490,555,52,57,2104,6447,6154,260,561,982
14,win_only,300,150,149,1,,True,1490,555,52,57,2104,6447,6154,260,561,982
15,published,60,30,30,1,,,1904,722,52,78,313,6254,2097,1057,1215,408
15,tol_only,60,30,30,2,False,,1904,722,52,78,313,6254,2097,1057,1215,408
15,v2_cal_lag3,300,150,100,9,False,,1904,722,52,78,313,6254,2097,1057,1215,408
15,v2_calibrated,300,150,149,15,False,True,1904,722,52,78,313,6254,2097,1057,1215,408
15,v2_cap120,120,60,59,5,False,True,1904,722,52,78,313,6254,2097,1057,1215,408
15,v2_cap600,600,300,299,32,False,True,1904,722,52,78,313,6254,2097,1057,1215,408
15,win_only,300,150,149,1,,True,1904,722,52,78,313,6254,2097,1057,1215,408
16,published,60,30,30,1,,,2785,517,230,47,49,1698,370,403,302,145
16,tol_only,60,30,30,2,False,,2785,517,230,47,49,1698,370,403,302,145
16,v2_cal_lag3,300,150,100,8,False,,2785,517,230,47,49,1698,370,403,302,145
16,v2_calibrated,300,150,149,14,False,True,2785,517,230,47,49,1698,370,403,302,145
16,v2_cap120,120,60,59,5,False,True,2785,517,230,47,49,1698,370,403,302,145
16,v2_cap600,600,300,299,27,False,True,2785,517,230,47,49,1698,370,403,302,145
16,win_only,300,150,149,1,,True,2785,517,230,47,49,1698,370,403,302,145
17,published,60,30,30,1,,,42411,209,153,67,219,9527,4098,1106,345,349
17,tol_only,60,30,30,2,False,,42411,209,153,67,219,9527,4098,1106,345,349
17,v2_cal_lag3,300,150,100,8,False,,42411,209,153,67,219,9527,4098,1106,345,349
17,v2_calibrated,300,150,149,14,False,True,42411,209,153,67,219,9527,4098,1106,345,349
17,v2_cap120,120,60,59,5,False,True,42411,209,153,67,219,9527,4098,1106,345,349
17,v2_cap600,600,300,299,30,False,True,42411,209,153,67,219,9527,4098,1106,345,349
17,win_only,300,150,149,1,,True,42411,209,153,67,219,9527,4098,1106,345,349
18,published,60,30,30,1,,,1223,223,79,110,170,3481,2388,431,260,354
18,tol_only,60,30,30,2,False,,1223,223,79,110,170,3481,2388,431,260,354
18,v2_cal_lag3,300,150,100,8,False,,1223,223,79,110,170,3481,2388,431,260,354
18,v2_calibrated,300,150,149,14,False,True,1223,223,79,110,170,3481,2388,431,260,354
18,v2_cap120,120,60,59,5,False,True,1223,223,79,110,170,3481,2388,431,260,354
18,v2_cap600,600,300,299,28,False,True,1223,223,79,110,170,3481,2388,431,260,354
18,win_only,300,150,149,1,,True,1223,223,79,110,170,3481,2388,431,260,354
19,published,60,30,30,1,,,2136,554,204,228,827,6263,2728,632,314,361
19,tol_only,60,30,30,2,False,,2136,554,204,228,827,6263,2728,632,314,361
19,v2_cal_lag3,300,150,100,10,False,,2136,554,204,228,827,6263,2728,632,314,361
19,v2_calibrated,300,150,149,16,False,True,2136,554,204,228,827,6263,2728,632,314,361
19,v2_cap120,120,60,59,5,False,True,2136,554,204,228,827,6263,2728,632,314,361
19,v2_cap600,600,300,299,33,False,True,2136,554,204,228,827,6263,2728,632,314,361
19,win_only,300,150,149,1,,True,2136,554,204,228,827,6263,2728,632,314,361
20,published,60,30,30,1,,,3242,684,163,247,1279,12092,4563,244,700,182
20,tol_only,60,30,30,2,False,,3242,684,163,247,1279,12092,4563,244,700,182
20,v2_cal_lag3,300,150,100,9,False,,3242,684,163,247,1279,12092,4563,244,700,182
20,v2_calibrated,300,150,149,15,False,True,3242,684,163,247,1279,12092,4563,244,700,182
20,v2_cap120,120,60,59,6,False,True,3242,684,163,247,1279,12092,4563,244,700,182
20,v2_cap600,600,300,299,34,False,True,3242,684,163,247,1279,12092,4563,244,700,182
20,win_only,300,150,149,1,,True,3242,684,163,247,1279,12092,4563,244,700,182
21,published,60,30,30,1,,,337,582,70,109,117,3395,2590,1048,368,341
21,tol_only,60,30,30,2,False,,337,582,70,109,117,3395,2590,1048,368,341
21,v2_cal_lag3,300,150,100,8,False,,337,582,70,109,117,3395,2590,1048,368,341
21,v2_calibrated,300,150,149,14,False,True,337,582,70,109,117,3395,2590,1048,368,341
21,v2_cap120,120,60,59,5,False,True,337,582,70,109,117,3395,2590,1048,368,341
21,v2_cap600,600,300,299,30,False,True,337,582,70,109,117,3395,2590,1048,368,341
21,win_only,300,150,149,1,,True,337,582,70,109,117,3395,2590,1048,368,341
22,published,60,30,30,1,,,2731,750,72,230,151,3597,1372,1953,780,1018
22,tol_only,60,30,30,2,False,,2731,750,72,230,151,3597,1372,1953,780,1018
22,v2_cal_lag3,300,150,100,9,False,,2731,750,72,230,151,3597,1372,1953,780,1018
22,v2_calibrated,300,150,149,15,False,True,2731,750,72,230,151,3597,1372,1953,780,1018
22,v2_cap120,120,60,59,5,False,True,2731,750,72,230,151,3597,1372,1953,780,1018
22,v2_cap600,600,300,299,30,False,True,2731,750,72,230,151,3597,1372,1953,780,1018
22,win_only,300,150,149,1,,True,2731,750,72,230,151,3597,1372,1953,780,1018
23,published,60,30,30,1,,,972,2000,129,104,211,3582,1554,629,571,240
23,tol_only,60,30,30,2,False,,972,2000,129,104,211,3582,1554,629,571,240
23,v2_cal_lag3,300,150,100,8,False,,972,2000,129,104,211,3582,1554,629,571,240
23,v2_calibrated,300,150,149,15,False,True,972,2000,129,104,211,3582,1554,629,571,240
23,v2_cap120,120,60,59,5,False,True,972,2000,129,104,211,3582,1554,629,571,240
23,v2_cap600,600,300,299,34,False,True,972,2000,129,104,211,3582,1554,629,571,240
23,win_only,300,150,149,1,,True,972,2000,129,104,211,3582,1554,629,571,240
24,published,60,30,30,1,,,9633,318,100,144,238,4994,1365,354,586,296
24,tol_only,60,30,30,2,False,,9633,318,100,144,238,4994,1365,354,586,296
24,v2_cal_lag3,300,150,100,8,False,,9633,318,100,144,238,4994,1365,354,586,296
24,v2_calibrated,300,150,149,14,False,True,9633,318,100,144,238,4994,1365,354,586,296
24,v2_cap120,120,60,59,5,False,True,9633,318,100,144,238,4994,1365,354,586,296
24,v2_cap600,600,300,299,30,False,True,9633,318,100,144,238,4994,1365,354,586,296
24,win_only,300,150,149,1,,True,9633,318,100,144,238,4994,1365,354,586,296
25,published,60,30,30,1,,,3717,1642,309,171,120,7437,1842,1734,314,661
25,tol_only,60,30,30,2,False,,3717,1642,309,171,120,7437,1842,1734,314,661
25,v2_cal_lag3,300,150,100,8,False,,3717,1642,309,171,120,7437,1842,1734,314,661
25,v2_calibrated,300,150,149,14,False,True,3717,1642,309,171,120,7437,1842,1734,314,661
25,v2_cap120,120,60,59,5,False,True,3717,1642,309,171,120,7437,1842,1734,314,661
25,v2_cap600,600,300,299,30,False,True,3717,1642,309,171,120,7437,1842,1734,314,661
25,win_only,300,150,149,1,,True,3717,1642,309,171,120,7437,1842,1734,314,661
26,published,60,30,30,1,,,3820,829,91,90,262,5908,2192,334,743,140
26,tol_only,60,30,30,2,False,,3820,829,91,90,262,5908,2192,334,743,140
26,v2_cal_lag3,300,150,100,9,False,,3820,829,91,90,262,5908,2192,334,743,140
26,v2_calibrated,300,150,149,15,False,True,3820,829,91,90,262,5908,2192,334,743,140
26,v2_cap120,120,60,59,5,False,True,3820,829,91,90,262,5908,2192,334,743,140
26,v2_cap600,600,300,299,30,False,True,3820,829,91,90,262,5908,2192,334,743,140
26,win_only,300,150,149,1,,True,3820,829,91,90,262,5908,2192,334,743,140
27,published,60,30,30,1,,,1721,219,347,218,470,4163,1673,482,452,502
27,tol_only,60,30,30,2,False,,1721,219,347,218,470,4163,1673,482,452,502
27,v2_cal_lag3,300,150,100,9,False,,1721,219,347,218,470,4163,1673,482,452,502
27,v2_calibrated,300,150,149,15,False,True,1721,219,347,218,470,4163,1673,482,452,502
27,v2_cap120,120,60,59,5,False,True,1721,219,347,218,470,4163,1673,482,452,502
27,v2_cap600,600,300,299,28,False,True,1721,219,347,218,470,4163,1673,482,452,502
27,win_only,300,150,149,1,,True,1721,219,347,218,470,4163,1673,482,452,502
28,published,60,30,30,1,,,18188,907,1835,235,165,2021,890,280,1493,2107
28,tol_only,60,30,30,2,False,,18188,907,1835,235,165,2021,890,280,1493,2107
28,v2_cal_lag3,300,150,100,9,False,,18188,907,1835,235,165,2021,890,280,1493,2107
28,v2_calibrated,300,150,149,15,False,True,18188,907,1835,235,165,2021,890,280,1493,2107
28,v2_cap120,120,60,59,5,False,True,18188,907,1835,235,165,2021,890,280,1493,2107
28,v2_cap600,600,300,299,28,False,True,18188,907,1835,235,165,2021,890,280,1493,2107
28,win_only,300,150,149,1,,True,18188,907,1835,235,165,2021,890,280,1493,2107
29,published,60,30,30,1,,,1108,1489,265,150,231,795,1067,1236,406,125
29,tol_only,60,30,30,2,False,,1108,1489,265,150,231,795,1067,1236,406,125
29,v2_cal_lag3,300,150,100,8,False,,1108,1489,265,150,231,795,1067,1236,406,125
29,v2_calibrated,300,150,149,15,False,True,1108,1489,265,150,231,795,1067,1236,406,125
29,v2_cap120,120,60,59,5,False,True,1108,1489,265,150,231,795,1067,1236,406,125
29,v2_cap600,600,300,299,30,False,True,1108,1489,265,150,231,795,1067,1236,406,125
29,win_only,300,150,149,1,,True,1108,1489,265,150,231,795,1067,1236,406,125
30,published,60,30,30,1,,,2415,1507,165,152,110,1213,1573,4647,330,162
30,tol_only,60,30,30,2,False,,2415,1507,165,152,110,1213,1573,4647,330,162
30,v2_cal_lag3,300,150,100,9,False,,2415,1507,165,152,110,1213,1573,4647,330,162
30,v2_calibrated,300,150,149,14,False,True,2415,1507,165,152,110,1213,1573,4647,330,162
30,v2_cap120,120,60,59,5,False,True,2415,1507,165,152,110,1213,1573,4647,330,162
30,v2_cap600,600,300,299,31,False,True,2415,1507,165,152,110,1213,1573,4647,330,162
30,win_only,300,150,149,1,,True,2415,1507,165,152,110,1213,1573,4647,330,162
31,published,60,30,30,1,,,2161,9675,147,131,199,6294,4122,1993,687,281
31,tol_only,60,30,30,2,False,,2161,9675,147,131,199,6294,4122,1993,687,281
31,v2_cal_lag3,300,150,100,9,False,,2161,9675,147,131,199,6294,4122,1993,687,281
31,v2_calibrated,300,150,149,15,False,True,2161,9675,147,131,199,6294,4122,1993,687,281
31,v2_cap120,120,60,59,5,False,True,2161,9675,147,131,199,6294,4122,1993,687,281
31,v2_cap600,600,300,299,32,False,True,2161,9675,147,131,199,6294,4122,1993,687,281
31,win_only,300,150,149,1,,True,2161,9675,147,131,199,6294,4122,1993,687,281
32,published,60,30,30,1,,,919,1083,18696,130,90,908,357,299,398,799
32,tol_only,60,30,30,2,False,,919,1083,18696,130,90,908,357,299,398,799
32,v2_cal_lag3,300,150,100,10,False,,919,1083,18696,130,90,908,357,299,398,799
32,v2_calibrated,300,150,149,16,False,True,919,1083,18696,130,90,908,357,299,398,799
32,v2_cap120,120,60,59,6,False,True,919,1083,18696,130,90,908,357,299,398,799
32,v2_cap600,600,300,299,32,False,True,919,1083,18696,130,90,908,357,299,398,799
32,win_only,300,150,149,1,,True,919,1083,18696,130,90,908,357,299,398,799
33,published,60,30,30,1,,,2143,269,110,184,221,2483,3897,2150,3477,119
33,tol_only,60,30,30,2,False,,2143,269,110,184,221,2483,3897,2150,3477,119
33,v2_cal_lag3,300,150,100,9,False,,2143,269,110,184,221,2483,3897,2150,3477,119
33,v2_calibrated,300,150,149,16,False,True,2143,269,110,184,221,2483,3897,2150,3477,119
33,v2_cap120,120,60,59,5,False,True,2143,269,110,184,221,2483,3897,2150,3477,119
33,v2_cap600,600,300,299,33,False,True,2143,269,110,184,221,2483,3897,2150,3477,119
33,win_only,300,150,149,1,,True,2143,269,110,184,221,2483,3897,2150,3477,119
34,published,60,30,30,1,,,1074,743,9905,225,341,328,539,790,401,522
34,tol_only,60,30,30,2,False,,1074,743,9905,225,341,328,539,790,401,522
34,v2_cal_lag3,300,150,100,8,False,,1074,743,9905,225,341,328,539,790,401,522
34,v2_calibrated,300,150,149,14,False,True,1074,743,9905,225,341,328,539,790,401,522
34,v2_cap120,120,60,59,6,False,True,1074,743,9905,225,341,328,539,790,401,522
34,v2_cap600,600,300,299,29,False,True,1074,743,9905,225,341,328,539,790,401,522
34,win_only,300,150,149,1,,True,1074,743,9905,225,341,328,539,790,401,522
