dataset,variant,n,score,null_mean,null95,p,n_null,n_windows,tau_samples,tau_phys,match,sign_ok,window_samples,step_samples,max_lag_samples,tolerance_samples,window_phys,step_phys,max_lag_phys,tolerance_phys,calibration_failed,window_clipped,why
gas_furnace,fixed_default,296,100.0,0.0,0.0,0.004975124378109453,200,8,-4.5,-40.5 s,True,True,60,30,30,1,9 min,4.5 min,4.5 min,9 s,,,"Fixed default TDSParams (window=60, step=30, max_lag=30, tolerance=1 sample), independent of the signals."
gas_furnace,adaptive,296,55.00000000000001,4.325,25.0,0.004975124378109453,200,20,-5.0,-45 s,False,True,29,14,14,1,4.35 min,2.1 min,2.1 min,9 s,False,True,"Slowest signal: CO2, 1 independent sample per 1.5 min (B=10) -> window = 30x1.5 min = 45 min, clipped to 4.35 min (29 samples); no rhythm detected -> max lag = half window = 2.1 min; tolerance +-9 s keeps fake stability <= 5%."
climate_nino34_gistemp,fixed_default,1595,36.53846153846153,1.4807692307692308,7.6923076923076925,0.004975124378109453,200,52,-3.0,-3 months,True,True,60,30,30,1,5 years,2.5 years,2.5 years,1 months,,,"Fixed default TDSParams (window=60, step=30, max_lag=30, tolerance=1 sample), independent of the signals."
climate_nino34_gistemp,adaptive,1595,68.42105263157895,5.052631578947368,26.31578947368421,0.004975124378109453,200,19,-1.0,-1 months,False,True,159,79,79,10,13.2 years,6.58 years,6.58 years,10 months,False,True,"Slowest signal: Nino3.4, 1 independent sample per 7.15 months (B=7.15) -> window = 30x7.15 months = 17.9 years, clipped to 13.2 years (159 samples); no rhythm detected -> max lag = half window = 6.58 years; tolerance +-10 months keeps fake stability <= 5%."
hydrology_hourly,fixed_default,43848,1.2328767123287672,0.42226027397260274,1.095890410958904,0.01990049751243781,200,1460,-9.0,-9 h,True,True,60,30,30,1,2.5 days,1.25 days,1.25 days,1 h,,,"Fixed default TDSParams (window=60, step=30, max_lag=30, tolerance=1 sample), independent of the signals."
hydrology_hourly,adaptive,43848,81.81818181818183,4.193181818181818,13.636363636363635,0.004975124378109453,200,44,-10.0,-10 h,True,True,1914,957,956,71,79.8 days,39.9 days,39.8 days,2.96 days,False,False,"Slowest signal: river flow, 1 independent sample per 2.66 days (B=63.8) -> window = 30x2.66 days = 79.8 days; no rhythm detected -> max lag = half window = 39.8 days; tolerance +-2.96 days keeps fake stability <= 5%."
hydrology_daily,fixed_default,10593,59.09090909090909,0.9829545454545456,2.5710227272727226,0.004975124378109453,200,352,-1.0,-1 days,True,True,60,30,30,1,60 days,30 days,30 days,1 days,,,"Fixed default TDSParams (window=60, step=30, max_lag=30, tolerance=1 sample), independent of the signals."
hydrology_daily,adaptive,10593,97.5609756097561,5.48780487804878,19.51219512195122,0.004975124378109453,200,41,-2.0,-2 days,True,True,501,250,250,24,501 days,250 days,250 days,24 days,False,False,"Slowest signal: river flow, 1 independent sample per 16.7 days (B=16.7) -> window = 30x16.7 days = 501 days; no rhythm detected -> max lag = half window = 250 days; tolerance +-24 days keeps fake stability <= 5%."
energy_vic_summer,fixed_default,13008,11.805555555555555,0.9537037037037037,3.020833333333329,0.004975124378109453,200,432,0.0,0 s,False,False,60,30,30,1,1.25 days,15 h,15 h,30 min,,,"Fixed default TDSParams (window=60, step=30, max_lag=30, tolerance=1 sample), independent of the signals."
energy_vic_summer,adaptive,13008,100.0,4.999999999999999,26.31578947368421,0.004975124378109453,200,19,-2.0,-1 h,True,True,1300,650,649,89,27.1 days,13.5 days,13.5 days,1.85 days,False,True,"Slowest signal: electricity demand, 1 independent sample per 1.62 days (B=77.6) -> window = 30x1.62 days = 48.5 days, clipped to 27.1 days (1300 samples); no rhythm detected -> max lag = half window = 13.5 days; tolerance +-1.85 days keeps fake stability <= 5%."
beijing_pm25,fixed_default,43824,5.414667580534613,0.6699794379712131,1.644962302947224,0.004975124378109453,200,1459,0.0,0 s,,False,60,30,30,1,2.5 days,1.25 days,1.25 days,1 h,,,"Fixed default TDSParams (window=60, step=30, max_lag=30, tolerance=1 sample), independent of the signals."
beijing_pm25,adaptive,43824,57.2463768115942,5.213768115942028,12.318840579710146,0.004975124378109453,200,138,0.0,0 s,,False,629,314,314,38,26.2 days,13.1 days,13.1 days,1.58 days,False,False,"Slowest signal: cumulated wind speed, 1 independent sample per 21 h (B=21) -> window = 30x21 h = 26.2 days; no rhythm detected -> max lag = half window = 13.1 days; tolerance +-1.58 days keeps fake stability <= 5%."
jena_T_rh,fixed_default,70091,68.69379014989293,13.858672376873663,18.809421841541756,0.009900990099009901,100,2335,0.0,0 s,True,,60,30,30,1,2.5 days,1.25 days,1.25 days,1 h,,,"Fixed default TDSParams (window=60, step=30, max_lag=30, tolerance=1 sample), independent of the signals."
jena_T_rh,adaptive,70091,100.0,13.89473684210526,42.10526315789473,0.009900990099009901,100,19,0.0,0 s,True,,7009,3504,24,0,292 days,146 days,1 days,0,True,True,"Slowest signal: temperature, 1 independent sample per 38.9 days (B=933) -> window = 30x38.9 days = 1.17e+03 days, clipped to 292 days (7009 samples); rhythm detected (2 days) -> max lag capped at 1 days; tolerance +-0: even tolerance 0 gives fake stability above 5% (calibration failed, null 12.6%)."
gasoline_weekly_diff,fixed_default,1746,85.96491228070175,0.9210526315789473,7.017543859649122,0.004975124378109453,200,57,0.0,0 s,False,False,60,30,30,1,60 weeks,30 weeks,30 weeks,1 weeks,,,"Fixed default TDSParams (window=60, step=30, max_lag=30, tolerance=1 sample), independent of the signals."
gasoline_weekly_diff,adaptive,1746,94.33962264150944,6.8113207547169825,18.867924528301888,0.004975124378109453,200,53,0.0,0 s,False,False,64,32,31,4,64 weeks,32 weeks,31 weeks,4 weeks,False,False,"Slowest signal: retail gasoline price, 1 independent sample per 2.12 weeks (B=2.12) -> window = 30x2.12 weeks = 63.6 weeks; no rhythm detected -> max lag = half window = 31 weeks; tolerance +-4 weeks keeps fake stability <= 5%."
sleep_eeg_delta_sigma,fixed_default,29941,58.07422266800402,1.2818455366098294,2.507522567703109,0.004975124378109453,200,997,0.0,0 s,True,,60,30,30,1,1 min,30 s,30 s,1 s,,,"Fixed default TDSParams (window=60, step=30, max_lag=30, tolerance=1 sample), independent of the signals."
sleep_eeg_delta_sigma,adaptive,29941,100.0,6.015151515151515,24.242424242424242,0.004975124378109453,200,33,0.0,0 s,True,,1760,880,879,116,29.3 min,14.7 min,14.7 min,1.93 min,False,False,"Slowest signal: delta power, 1 independent sample per 0.978 min (B=58.7) -> window = 30x0.978 min = 29.3 min; no rhythm detected -> max lag = half window = 14.7 min; tolerance +-1.93 min keeps fake stability <= 5%."
sleep_eeg_delta_sigma,adaptive_cap5min,29941,89.8989898989899,4.684343434343435,10.126262626262617,0.004975124378109453,200,198,0.0,0 s,True,,300,150,149,14,5 min,2.5 min,2.48 min,14 s,False,True,"Slowest signal: delta power, 1 independent sample per 0.978 min (B=58.7) -> window = 30x0.978 min = 29.3 min, clipped to 5 min (300 samples); no rhythm detected -> max lag = half window = 2.48 min; tolerance +-14 s keeps fake stability <= 5%."
neurokit_hr_rsp,fixed_default,2019,65.15151515151516,0.9318181818181818,6.0606060606060606,0.004975124378109453,200,66,0.0,0 s,,,60,30,30,1,15 s,7.5 s,7.5 s,0.25 s,,,"Fixed default TDSParams (window=60, step=30, max_lag=30, tolerance=1 sample), independent of the signals."
neurokit_hr_rsp,adaptive,2019,78.94736842105263,2.4473684210526314,21.052631578947366,0.004975124378109453,200,19,0.0,0 s,,,201,100,15,1,50.2 s,25 s,3.75 s,0.25 s,False,True,"Slowest signal: heart rate, 1 independent sample per 2.48 s (B=9.93) -> window = 30x2.48 s = 1.24 min, clipped to 50.2 s (201 samples); rhythm detected (7.5 s) -> max lag capped at 3.75 s; tolerance +-0.25 s keeps fake stability <= 5%."
