fs,variant,score,median_stable_tau_samples,n_windows,n_stable,null_mean,null_sd,null_p95,p_emp,z,median_stable_tau_ms,frac_within_50ms_of_-PAT,window,step,max_lag,tolerance
100,fixed_default,42.44244244244244,-7.0,999,424,7.547047047047047,1.8859876156398871,10.520520520520517,0.004975124378109453,18.50245203415926,-70.0,0.0,60,30,30,1
100,adaptive_fixedtol,40.50387596899225,-8.0,516,209,5.783914728682171,2.31387349820997,9.903100775193792,0.004975124378109453,15.005125071517394,-80.0,0.0,116,58,35,1
100,adaptive_calibrated,3.2945736434108532,-9.0,516,17,0.3420542635658915,0.484925406796363,1.550387596899225,0.004975124378109453,6.088605254467162,-90.0,0.0,116,58,35,0
100,v2_fixedtol,88.63636363636364,-8.0,132,117,2.151515151515152,2.7134056880417017,6.856060606060592,0.004975124378109453,31.87317284178971,-80.0,0.0,450,225,35,1
100,v2_calibrated,88.63636363636364,-8.0,132,117,2.151515151515152,2.7134056880417017,6.856060606060592,0.004975124378109453,31.87317284178971,-80.0,0.0,450,225,35,1
50,fixed_default,65.7314629258517,-4.0,499,328,15.681362725450901,3.5594413589120073,21.8436873747495,0.004975124378109453,14.0612234206604,-80.0,0.0,60,30,30,1
50,adaptive_fixedtol,65.69767441860465,-4.0,516,339,20.040697674418606,3.650030723408527,25.20348837209302,0.004975124378109453,12.508655461823059,-80.0,0.0,58,29,17,1
50,adaptive_calibrated,13.565891472868216,-4.0,516,70,1.2906976744186047,1.0797130295460085,3.10077519379845,0.004975124378109453,11.368941063544463,-80.0,0.0,58,29,17,0
50,v2_fixedtol,93.18181818181817,-4.0,132,123,10.238636363636363,5.21887007466531,19.696969696969695,0.004975124378109453,15.892938630686455,-80.0,0.0,225,112,17,1
50,v2_calibrated,69.6969696969697,-4.0,132,92,0.5227272727272727,1.2694627366057898,3.0303030303030303,0.004975124378109453,54.49095938743047,-80.0,0.0,225,112,17,0
25,fixed_default,82.73092369477911,-2.0,249,206,19.20883534136546,5.505094010639494,28.915662650602407,0.004975124378109453,11.538783575838456,-80.0,0.0,60,30,30,1
25,adaptive_fixedtol,83.33333333333334,-2.0,534,445,47.23970037453183,4.425202686910975,54.7003745318352,0.004975124378109453,8.156379608455127,-80.0,0.0,29,14,8,1
25,adaptive_calibrated,42.50936329588015,-2.0,534,227,6.545880149812734,2.2548081291561664,10.486891385767791,0.004975124378109453,15.949686663373127,-80.0,0.0,29,14,8,0
25,v2_fixedtol,93.18181818181817,-2.0,132,123,29.859848484848484,7.764987630444768,42.42424242424242,0.004975124378109453,8.154806254770904,-80.0,0.0,112,56,8,1
25,v2_calibrated,87.87878787878788,-2.0,132,116,2.7878787878787876,3.0253118633701233,9.090909090909092,0.004975124378109453,28.126326452876796,-80.0,0.0,112,56,8,0
