exp,condition,variant,auc,coupled_mean,coupled_sd,uncoupled_mean,uncoupled_sd,hit_rate,median_rel_err,window,step,max_lag,tolerance,calib_failed
E2,delay=8,fixed_default,1.0,34.42211055276382,4.773869346733669,2.71356783919598,1.5439488940439414,0.0,1.0,60,30,30,1,
E2,delay=8,adaptive_fixedtol,1.0,48.82165605095541,5.340546885113035,23.980891719745223,3.4654891421735985,0.0,1.0,39,19,19,1,
E2,delay=8,adaptive_calibrated,1.0,37.35668789808918,2.5952971632967343,19.10828025477707,3.011196599636386,0.0,1.0,39,19,19,0,True
E2,delay=8,v2_fixedtol,1.0,45.227272727272734,13.803895126418377,0.9090909090909092,2.727272727272728,0.0,0.375,263,131,85,1,
E2,delay=8,v2_calibrated,0.985,17.954545454545457,7.29046133288429,0.9090909090909092,2.727272727272728,0.0,0.375,263,131,85,0,False
E2,delay=8,oracle,1.0,98.68686868686869,1.4320653412886697,64.64646464646464,11.009637651263606,0.0,1.0,120,60,59,16,
E2,delay=16,fixed_default,1.0,23.668341708542716,4.900206107755817,2.4623115577889445,2.137303549561481,0.2,1.0,60,30,30,1,
E2,delay=16,adaptive_fixedtol,1.0,52.006688963210706,4.784479368464395,22.77591973244147,2.2457888915317112,0.3,0.125,40,20,19,1,
E2,delay=16,adaptive_calibrated,1.0,24.8494983277592,4.694322768678095,16.755852842809364,0.9512684049048752,0.0,0.59375,40,20,19,0,True
E2,delay=16,v2_fixedtol,1.0,60.0,9.959748859961135,7.608695652173912,5.478088334067023,0.0,0.1875,129,64,20,1,
E2,delay=16,v2_calibrated,0.945,22.282608695652176,8.966567814626238,3.1521739130434785,4.0800705172007525,0.0,0.1875,129,64,20,0,False
E2,delay=16,oracle,1.0,100.0,0.0,0.0,0.0,0.0,0.1875,1920,960,959,1,
E2,delay=32,fixed_default,0.655,4.924623115577889,3.601301078827923,3.21608040201005,2.6033836878369083,0.0,1.0,60,30,30,1,
E2,delay=32,adaptive_fixedtol,0.0,3.4939759036144578,3.3356308915438864,27.469879518072293,5.2270970131409795,0.0,1.03125,37,18,18,1,
E2,delay=32,adaptive_calibrated,0.0,1.144578313253012,1.6265060240963856,21.71686746987952,4.870678442660583,0.0,1.03125,37,18,18,0,True
E2,delay=32,v2_fixedtol,1.0,70.32608695652173,9.55100228313638,1.847826086956522,2.9985030922029825,1.0,0.09375,128,64,35,1,
E2,delay=32,v2_calibrated,1.0,44.23913043478261,12.611038013310282,0.8695652173913043,1.7391304347826086,1.0,0.09375,128,64,35,0,True
E2,delay=32,oracle,1.0,100.0,0.0,0.0,0.0,1.0,0.09375,1920,960,959,1,
