exp,condition,variant,auc,coupled_mean,coupled_sd,uncoupled_mean,uncoupled_sd,hit_rate,median_rel_err,window,step,max_lag,tolerance
E1,"r=1,c=0.3",fixed_default,1.0,6.206206206206206,0.10010010010010006,1.1511511511511512,0.35035035035035034,1.0,0.0,60,30,30,1
E1,"r=1,c=0.3",adaptive_fixedtol,0.5,8.772515010006671,1.0673782521681123,8.872581721147432,0.13342228152101399,0.5,0.30000000000000004,21,10,10,1
E1,"r=1,c=0.3",adaptive_calibrated,1.0,1.0006671114076051,0.4336224149432955,0.26684456304202797,0.0,1.0,0.0,21,10,10,0
E1,"r=1,c=0.3",oracle,1.0,100.0,0.0,0.0,0.0,1.0,0.0,960,480,479,0
E1,"r=2,c=0.3",fixed_default,1.0,1.2512512512512513,0.4504504504504505,0.20020020020020018,0.20020020020020018,1.0,0.05,60,30,30,1
E1,"r=2,c=0.3",adaptive_fixedtol,0.875,2.3826208829712687,0.7007708479327259,1.401541695865452,0.2803083391730905,0.5,0.25,42,21,20,1
E1,"r=2,c=0.3",adaptive_calibrated,0.875,2.3826208829712687,0.7007708479327259,1.401541695865452,0.2803083391730905,0.5,0.25,42,21,20,1
E1,"r=2,c=0.3",oracle,1.0,100.0,0.0,0.0,0.0,1.0,0.0,1920,960,959,0
E1,"r=4,c=0.3",fixed_default,0.0,0.45045045045045046,0.45045045045045046,1.1011011011011012,0.10010010010010006,0.0,1.9,60,30,30,1
E1,"r=4,c=0.3",adaptive_fixedtol,0.625,0.7012622720897616,0.7012622720897616,0.2805049088359046,0.2805049088359046,0.0,0.75,85,42,42,1
E1,"r=4,c=0.3",adaptive_calibrated,0.25,4.417952314165498,0.21037868162692863,4.768583450210379,0.28050490883590484,0.5,0.1,85,42,42,4
E1,"r=4,c=0.3",oracle,1.0,90.0,3.3333333333333286,0.0,0.0,1.0,0.0,1920,960,959,0
E1,"r=8,c=0.3",fixed_default,0.25,0.6006006006006006,0.20020020020020018,0.8008008008008007,0.0,0.0,1.09375,60,30,30,1
E1,"r=8,c=0.3",adaptive_fixedtol,0.5,0.0,0.0,0.0,0.0,0.0,nan,167,83,83,1
E1,"r=8,c=0.3",adaptive_calibrated,0.0,3.8888888888888884,0.2777777777777777,7.222222222222222,2.7777777777777777,0.0,0.325,167,83,83,9
E1,"r=8,c=0.3",oracle,1.0,53.33333333333333,9.999999999999996,0.0,0.0,1.0,0.0,1920,960,959,2
E1,"r=16,c=0.3",fixed_default,0.5,1.0510510510510511,0.2502502502502503,1.3513513513513513,0.9509509509509511,0.0,0.9125,60,30,30,1
E1,"r=16,c=0.3",adaptive_fixedtol,0.5,0.0,0.0,0.0,0.0,0.0,nan,366,183,182,1
E1,"r=16,c=0.3",adaptive_calibrated,0.5,3.7037037037037033,3.7037037037037033,3.7037037037037033,1.2345679012345678,0.5,0.0625,366,183,182,20
E1,"r=16,c=0.3",oracle,1.0,21.666666666666664,5.000000000000002,0.0,0.0,1.0,0.0,1920,960,959,0
E1,"r=1,c=0.6",fixed_default,1.0,80.68068068068067,2.3023023023023015,0.6006006006006006,0.20020020020020018,1.0,0.0,60,30,30,1
E1,"r=1,c=0.6",adaptive_fixedtol,1.0,22.17405801933978,1.0003334444814946,8.602867622540847,1.133711237079026,1.0,0.0,20,10,9,1
E1,"r=1,c=0.6",adaptive_calibrated,1.0,11.170390130043348,1.2004001333777925,0.20006668889629875,0.06668889629876625,1.0,0.0,20,10,9,0
E1,"r=1,c=0.6",oracle,1.0,100.0,0.0,0.0,0.0,1.0,0.0,240,120,119,0
E1,"r=2,c=0.6",fixed_default,1.0,40.69069069069069,0.05005005005005003,0.20020020020020018,0.20020020020020018,1.0,0.0,60,30,30,1
E1,"r=2,c=0.6",adaptive_fixedtol,1.0,21.40854940434478,1.5767344078486332,1.9271198318149965,0.5255781359495446,1.0,0.0,42,21,20,1
E1,"r=2,c=0.6",adaptive_calibrated,1.0,21.40854940434478,1.5767344078486332,1.9271198318149965,0.5255781359495446,1.0,0.0,42,21,20,1
E1,"r=2,c=0.6",oracle,1.0,100.0,0.0,0.0,0.0,1.0,0.0,480,240,239,0
E1,"r=4,c=0.6",fixed_default,1.0,6.056056056056056,0.05005005005005003,0.9009009009009008,0.5005005005005004,1.0,0.0,60,30,30,1
E1,"r=4,c=0.6",adaptive_fixedtol,1.0,20.833333333333332,0.5747126436781613,0.28735632183908044,0.28735632183908044,1.0,0.0,86,43,42,1
E1,"r=4,c=0.6",adaptive_calibrated,1.0,26.939655172413797,1.652298850574713,3.8793103448275863,1.0057471264367817,1.0,0.0,86,43,42,4
E1,"r=4,c=0.6",oracle,1.0,100.0,0.0,0.0,0.0,1.0,0.0,960,480,479,0
E1,"r=8,c=0.6",fixed_default,0.625,0.40040040040040037,0.40040040040040037,0.20020020020020018,0.20020020020020018,0.0,1.175,60,30,30,1
E1,"r=8,c=0.6",adaptive_fixedtol,1.0,27.988338192419825,4.373177842565596,0.0,0.0,1.0,0.0,174,87,86,1
E1,"r=8,c=0.6",adaptive_calibrated,1.0,37.755102040816325,6.559766763848399,2.478134110787172,1.0204081632653061,1.0,0.0,174,87,86,9
E1,"r=8,c=0.6",oracle,1.0,100.0,0.0,0.0,0.0,1.0,0.0,1920,960,959,0
E1,"r=16,c=0.6",fixed_default,0.625,1.1511511511511512,0.35035035035035034,0.8508508508508508,0.05005005005005009,0.0,0.978125,60,30,30,1
E1,"r=16,c=0.6",adaptive_fixedtol,1.0,9.217877094972067,0.2793296089385473,0.0,0.0,1.0,0.0,333,166,166,1
E1,"r=16,c=0.6",adaptive_calibrated,1.0,18.71508379888268,1.3966480446927374,1.3966480446927374,1.3966480446927374,1.0,0.0,333,166,166,18
E1,"r=16,c=0.6",oracle,1.0,98.33333333333334,1.6666666666666643,0.0,0.0,1.0,0.0,1920,960,959,0
