exp,condition,variant,balanced_acc_mean,balanced_acc_sd,score_mean,score_sd,window,step,max_lag,tolerance,calib_failed
E1d,r=1,fixed_default,0.8910360081145047,0.014975419384760122,37.21721721721722,1.4852642235028155,60,30,30,1,
E1d,r=1,adaptive_fixedtol,0.5717015768784062,0.011845298488801283,16.475491830610203,1.266514146275263,20,10,9,1,
E1d,r=1,adaptive_calibrated,0.5618868489234343,0.006176216905060071,6.2720906968989665,0.6348506218733876,20,10,9,0,False
E1d,r=1,v2_fixedtol,0.9140287419315554,0.010519823585139877,39.83480176211454,1.1974055317119954,66,33,32,1,
E1d,r=1,v2_calibrated,0.9006091828035562,0.013016021486395536,42.01541850220265,1.2836421606234767,66,33,32,3,False
E1d,r=4,fixed_default,0.5330239410088391,0.009185935888678708,3.4634634634634636,0.7935103576619186,60,30,30,1,
E1d,r=4,adaptive_fixedtol,0.5814126001703744,0.026337365660122847,7.863013698630138,2.5621931870111094,83,41,41,1,
E1d,r=4,adaptive_calibrated,0.5917798098741792,0.03341654189093801,13.561643835616437,3.746518994843108,83,41,41,4,False
E1d,r=4,v2_fixedtol,0.9023552365688803,0.01700406428502807,38.83333333333333,1.3017082793177748,249,124,124,1,
E1d,r=4,v2_calibrated,0.8743432513413698,0.027028410922162443,43.833333333333336,3.3166247903554007,249,124,124,14,False
